candidate_id,job_role,job_role_display,gender,age_group,edu_level,edu_level_name,years_experience,edu_relevance,P_mcq,P_desc,P_code,S_edu,S_exp,S_skill,S_cv,S_int,CSS,passed_hard_filter,relevance_label,w_edu,w_exp,w_skill,w_mcq,w_desc,w_code,W_CV,W_INT
DS00001,Data_Scientist,Data Scientist,M,22-25,3,MSc,4.5,0.9184,0.7116,0.7494,0.7873,0.8474,1.0,0.715,0.8402,0.7456,0.7834,1,2,0.3,0.3,0.4,0.3,0.5,0.2,0.4,0.6
DS00002,Data_Scientist,Data Scientist,M,22-25,2,BSc,7.9,0.6539,0.7946,0.9043,0.5696,0.6215,1.0,0.8809,0.8388,0.8044,0.8182,0,3,0.3,0.3,0.4,0.3,0.5,0.2,0.4,0.6
DS00003,Data_Scientist,Data Scientist,M,26-30,3,MSc,3.5,0.5278,0.4917,0.7055,0.7042,0.6911,1.0,0.5543,0.729,0.6411,0.6763,1,2,0.3,0.3,0.4,0.3,0.5,0.2,0.4,0.6
DS00004,Data_Scientist,Data Scientist,F,22-25,4,PhD,1.1,0.653,0.7541,0.6261,0.5459,0.8612,0.44,0.7071,0.6732,0.6485,0.6584,1,2,0.3,0.3,0.4,0.3,0.5,0.2,0.4,0.6
DS00005,Data_Scientist,Data Scientist,F,26-30,2,BSc,0.0,0.575,0.6782,0.6094,0.5049,0.59,0.0,0.5452,0.3951,0.6091,0.5235,0,1,0.3,0.3,0.4,0.3,0.5,0.2,0.4,0.6
DS00006,Data_Scientist,Data Scientist,M,22-25,2,BSc,1.1,0.7192,0.5234,0.6433,0.5673,0.6477,0.44,0.6231,0.5756,0.5921,0.5855,0,1,0.3,0.3,0.4,0.3,0.5,0.2,0.4,0.6
DS00007,Data_Scientist,Data Scientist,F,26-30,3,MSc,7.0,1.0,0.6869,0.7267,0.6011,0.88,1.0,0.496,0.7624,0.6897,0.7188,1,1,0.3,0.3,0.4,0.3,0.5,0.2,0.4,0.6
DS00008,Data_Scientist,Data Scientist,M,40+,3,MSc,3.7,0.6801,0.5713,0.4537,0.779,0.752,1.0,0.4195,0.6934,0.554,0.6098,1,1,0.3,0.3,0.4,0.3,0.5,0.2,0.4,0.6
DS00009,Data_Scientist,Data Scientist,M,26-30,2,BSc,4.1,0.7682,0.644,0.7171,0.5611,0.6673,1.0,0.7068,0.7829,0.6639,0.7115,0,2,0.3,0.3,0.4,0.3,0.5,0.2,0.4,0.6
DS00010,Data_Scientist,Data Scientist,M,36-40,3,MSc,5.6,0.8502,0.7356,0.7917,0.7181,0.8201,1.0,0.7058,0.8283,0.7601,0.7874,1,3,0.3,0.3,0.4,0.3,0.5,0.2,0.4,0.6
DS00011,Data_Scientist,Data Scientist,M,22-25,3,MSc,4.0,0.6407,0.76,0.8463,0.7243,0.7363,1.0,0.9247,0.8908,0.796,0.8339,1,3,0.3,0.3,0.4,0.3,0.5,0.2,0.4,0.6
DS00012,Data_Scientist,Data Scientist,M,26-30,3,MSc,0.3,0.8944,0.5937,0.509,0.4671,0.8377,0.12,0.4043,0.449,0.526,0.4952,0,1,0.3,0.3,0.4,0.3,0.5,0.2,0.4,0.6
DS00013,Data_Scientist,Data Scientist,M,31-35,2,BSc,3.4,0.6339,0.7587,0.6427,0.6377,0.6135,1.0,0.6666,0.7507,0.6765,0.7062,0,2,0.3,0.3,0.4,0.3,0.5,0.2,0.4,0.6
DS00014,Data_Scientist,Data Scientist,F,36-40,3,MSc,0.3,0.787,0.7772,0.5194,0.4619,0.7948,0.12,0.6275,0.5255,0.5852,0.5613,0,1,0.3,0.3,0.4,0.3,0.5,0.2,0.4,0.6
DS00015,Data_Scientist,Data Scientist,F,22-25,2,BSc,2.7,0.8981,0.7934,0.7459,0.4314,0.7192,1.0,0.605,0.7578,0.6972,0.7214,0,2,0.3,0.3,0.4,0.3,0.5,0.2,0.4,0.6
DS00016,Data_Scientist,Data Scientist,F,26-30,3,MSc,4.5,0.7059,0.6798,0.6916,0.9965,0.7624,1.0,0.5497,0.7486,0.7491,0.7489,1,2,0.3,0.3,0.4,0.3,0.5,0.2,0.4,0.6
DS00017,Data_Scientist,Data Scientist,M,26-30,3,MSc,8.6,0.871,0.8455,0.6574,0.6497,0.8284,1.0,0.6302,0.8006,0.7123,0.7476,1,2,0.3,0.3,0.4,0.3,0.5,0.2,0.4,0.6
DS00018,Data_Scientist,Data Scientist,M,22-25,3,MSc,4.6,1.0,0.4806,0.6485,0.6055,0.88,1.0,0.4998,0.7639,0.5895,0.6593,1,1,0.3,0.3,0.4,0.3,0.5,0.2,0.4,0.6
DS00019,Data_Scientist,Data Scientist,M,36-40,2,BSc,4.4,0.7817,0.509,0.784,0.6192,0.6727,1.0,0.5215,0.7104,0.6686,0.6853,0,2,0.3,0.3,0.4,0.3,0.5,0.2,0.4,0.6
DS00020,Data_Scientist,Data Scientist,F,31-35,2,BSc,1.7,0.9924,0.6336,0.661,0.4468,0.7569,0.68,0.4858,0.6254,0.6099,0.6161,0,1,0.3,0.3,0.4,0.3,0.5,0.2,0.4,0.6
DS00021,Data_Scientist,Data Scientist,M,26-30,3,MSc,4.4,0.8668,0.6556,0.7135,0.6049,0.8267,1.0,0.5817,0.7807,0.6744,0.7169,1,2,0.3,0.3,0.4,0.3,0.5,0.2,0.4,0.6
DS00022,Data_Scientist,Data Scientist,F,26-30,3,MSc,5.8,0.7092,0.6893,0.7193,0.5085,0.7637,1.0,0.5569,0.7519,0.6681,0.7016,1,2,0.3,0.3,0.4,0.3,0.5,0.2,0.4,0.6
DS00023,Data_Scientist,Data Scientist,F,26-30,4,PhD,2.0,0.9235,0.7658,0.6195,0.2646,0.9694,0.8,0.5387,0.7463,0.5924,0.654,1,2,0.3,0.3,0.4,0.3,0.5,0.2,0.4,0.6
DS00024,Data_Scientist,Data Scientist,F,22-25,3,MSc,9.4,0.6297,0.7677,0.8682,0.8687,0.7319,1.0,0.7005,0.7998,0.8382,0.8228,1,3,0.3,0.3,0.4,0.3,0.5,0.2,0.4,0.6
DS00025,Data_Scientist,Data Scientist,M,31-35,3,MSc,4.3,0.6583,0.8298,0.8543,0.6947,0.7433,1.0,0.9155,0.8892,0.815,0.8447,1,2,0.3,0.3,0.4,0.3,0.5,0.2,0.4,0.6
DS00026,Data_Scientist,Data Scientist,F,22-25,3,MSc,5.0,0.8716,0.7489,0.6791,0.4997,0.8286,1.0,0.7806,0.8608,0.6641,0.7428,1,2,0.3,0.3,0.4,0.3,0.5,0.2,0.4,0.6
DS00027,Data_Scientist,Data Scientist,F,36-40,3,MSc,2.7,0.8942,0.6142,0.4522,0.5121,0.8377,1.0,0.5524,0.7723,0.5128,0.6166,1,1,0.3,0.3,0.4,0.3,0.5,0.2,0.4,0.6
DS00028,Data_Scientist,Data Scientist,M,22-25,2,BSc,0.2,1.0,0.6188,0.6482,0.6071,0.76,0.08,0.6823,0.5249,0.6312,0.5887,0,2,0.3,0.3,0.4,0.3,0.5,0.2,0.4,0.6
DS00029,Data_Scientist,Data Scientist,M,31-35,2,BSc,2.8,0.6284,0.7188,0.6695,0.6825,0.6113,1.0,0.5114,0.6879,0.6869,0.6873,0,1,0.3,0.3,0.4,0.3,0.5,0.2,0.4,0.6
DS00030,Data_Scientist,Data Scientist,M,26-30,3,MSc,1.1,0.8778,0.7554,0.4186,0.3724,0.8311,0.44,0.5368,0.5961,0.5104,0.5447,1,1,0.3,0.3,0.4,0.3,0.5,0.2,0.4,0.6
DS00031,Data_Scientist,Data Scientist,M,22-25,3,MSc,4.9,0.6289,0.8603,0.8236,0.8319,0.7315,1.0,0.6952,0.7975,0.8363,0.8208,1,3,0.3,0.3,0.4,0.3,0.5,0.2,0.4,0.6
DS00032,Data_Scientist,Data Scientist,M,31-35,2,BSc,6.6,0.8139,0.5443,0.8618,0.6103,0.6856,1.0,0.4805,0.6979,0.7162,0.7089,0,1,0.3,0.3,0.4,0.3,0.5,0.2,0.4,0.6
DS00033,Data_Scientist,Data Scientist,F,26-30,3,MSc,5.0,0.6427,0.7512,0.6294,0.6538,0.7371,1.0,0.6981,0.8004,0.6708,0.7226,1,2,0.3,0.3,0.4,0.3,0.5,0.2,0.4,0.6
DS00034,Data_Scientist,Data Scientist,M,22-25,2,BSc,3.0,0.9227,0.6583,0.5463,0.5209,0.7291,1.0,0.4914,0.7153,0.5748,0.631,0,1,0.3,0.3,0.4,0.3,0.5,0.2,0.4,0.6
DS00035,Data_Scientist,Data Scientist,F,31-35,3,MSc,1.5,0.7168,0.7271,0.6631,0.4635,0.7667,0.6,0.6725,0.679,0.6424,0.657,1,2,0.3,0.3,0.4,0.3,0.5,0.2,0.4,0.6
DS00036,Data_Scientist,Data Scientist,F,26-30,4,PhD,2.5,0.8405,0.5774,0.6096,0.5994,0.9362,1.0,0.7071,0.8637,0.5979,0.7042,1,2,0.3,0.3,0.4,0.3,0.5,0.2,0.4,0.6
DS00037,Data_Scientist,Data Scientist,M,26-30,4,PhD,1.5,0.6733,0.6882,0.7296,0.487,0.8693,0.6,0.5944,0.6785,0.6687,0.6726,1,2,0.3,0.3,0.4,0.3,0.5,0.2,0.4,0.6
DS00038,Data_Scientist,Data Scientist,F,40+,2,BSc,2.8,0.8579,0.672,0.4069,0.4664,0.7032,1.0,0.4575,0.694,0.4983,0.5766,0,1,0.3,0.3,0.4,0.3,0.5,0.2,0.4,0.6
DS00039,Data_Scientist,Data Scientist,F,26-30,4,PhD,3.2,0.7418,0.4033,0.8351,0.5397,0.8967,1.0,0.7384,0.8644,0.6465,0.7337,1,3,0.3,0.3,0.4,0.3,0.5,0.2,0.4,0.6
DS00040,Data_Scientist,Data Scientist,F,36-40,3,MSc,3.8,0.9427,0.7781,0.4707,0.4919,0.8571,1.0,0.5752,0.7872,0.5672,0.6552,1,1,0.3,0.3,0.4,0.3,0.5,0.2,0.4,0.6
DS00041,Data_Scientist,Data Scientist,M,26-30,4,PhD,2.2,0.769,0.7125,0.5983,0.5365,0.9076,0.88,0.5612,0.7608,0.6202,0.6764,1,1,0.3,0.3,0.4,0.3,0.5,0.2,0.4,0.6
DS00042,Data_Scientist,Data Scientist,M,26-30,3,MSc,2.5,1.0,0.5429,0.4749,0.5362,0.88,1.0,0.4649,0.75,0.5076,0.6046,1,1,0.3,0.3,0.4,0.3,0.5,0.2,0.4,0.6
DS00043,Data_Scientist,Data Scientist,M,36-40,4,PhD,3.2,1.0,0.7572,0.63,0.7217,1.0,1.0,0.7175,0.887,0.6865,0.7667,1,2,0.3,0.3,0.4,0.3,0.5,0.2,0.4,0.6
DS00044,Data_Scientist,Data Scientist,M,31-35,3,MSc,5.2,0.7832,0.6138,0.6097,0.4395,0.7933,1.0,0.8301,0.87,0.5769,0.6941,1,2,0.3,0.3,0.4,0.3,0.5,0.2,0.4,0.6
DS00045,Data_Scientist,Data Scientist,F,22-25,2,BSc,5.7,0.5433,0.676,0.6679,0.7068,0.5773,1.0,0.6968,0.7519,0.6781,0.7076,0,2,0.3,0.3,0.4,0.3,0.5,0.2,0.4,0.6
DS00046,Data_Scientist,Data Scientist,F,40+,2,BSc,0.0,0.7936,0.5679,0.5921,0.4652,0.6774,0.0,0.3855,0.3574,0.5594,0.4786,0,1,0.3,0.3,0.4,0.3,0.5,0.2,0.4,0.6
DS00047,Data_Scientist,Data Scientist,M,22-25,3,MSc,5.3,0.7229,0.6406,0.7524,0.5347,0.7692,1.0,0.5099,0.7347,0.6753,0.6991,1,1,0.3,0.3,0.4,0.3,0.5,0.2,0.4,0.6
DS00048,Data_Scientist,Data Scientist,M,31-35,2,BSc,2.7,0.4734,0.5282,0.6286,0.4003,0.5493,1.0,0.5136,0.6702,0.5528,0.5998,0,1,0.3,0.3,0.4,0.3,0.5,0.2,0.4,0.6
DS00049,Data_Scientist,Data Scientist,M,36-40,4,PhD,3.2,0.4731,0.6446,0.4713,0.6817,0.7893,1.0,0.4892,0.7325,0.5654,0.6322,1,0,0.3,0.3,0.4,0.3,0.5,0.2,0.4,0.6
DS00050,Data_Scientist,Data Scientist,M,22-25,3,MSc,3.4,0.9458,0.7119,0.6127,0.5495,0.8583,1.0,0.673,0.8267,0.6298,0.7086,1,2,0.3,0.3,0.4,0.3,0.5,0.2,0.4,0.6
DS00051,Data_Scientist,Data Scientist,M,22-25,3,MSc,3.9,0.8873,0.7193,0.9503,0.8075,0.8349,1.0,0.7236,0.8399,0.8524,0.8474,1,3,0.3,0.3,0.4,0.3,0.5,0.2,0.4,0.6
DS00052,Data_Scientist,Data Scientist,M,26-30,3,MSc,5.5,0.9759,0.6678,0.587,0.6288,0.8704,1.0,0.5986,0.8005,0.6196,0.692,1,2,0.3,0.3,0.4,0.3,0.5,0.2,0.4,0.6
DS00053,Data_Scientist,Data Scientist,F,26-30,2,BSc,3.5,0.9722,0.6476,0.7451,0.7443,0.7489,1.0,0.7129,0.8098,0.7157,0.7533,0,2,0.3,0.3,0.4,0.3,0.5,0.2,0.4,0.6
DS00054,Data_Scientist,Data Scientist,M,26-30,3,MSc,2.8,0.71,0.8596,0.6289,0.5923,0.764,1.0,0.5996,0.769,0.6908,0.7221,1,2,0.3,0.3,0.4,0.3,0.5,0.2,0.4,0.6
DS00055,Data_Scientist,Data Scientist,F,26-30,3,MSc,5.9,0.9251,0.7819,0.8085,0.6774,0.85,1.0,0.6869,0.8298,0.7743,0.7965,1,3,0.3,0.3,0.4,0.3,0.5,0.2,0.4,0.6
DS00056,Data_Scientist,Data Scientist,F,26-30,2,BSc,2.7,0.893,0.8612,0.6827,0.3966,0.7172,1.0,0.5365,0.7298,0.679,0.6993,0,2,0.3,0.3,0.4,0.3,0.5,0.2,0.4,0.6
DS00057,Data_Scientist,Data Scientist,M,26-30,3,MSc,6.7,0.7231,0.8057,0.8716,0.7418,0.7692,1.0,0.7594,0.8345,0.8259,0.8293,1,3,0.3,0.3,0.4,0.3,0.5,0.2,0.4,0.6
DS00058,Data_Scientist,Data Scientist,F,36-40,2,BSc,1.4,0.3956,0.6364,0.6158,0.6254,0.5182,0.56,0.5287,0.535,0.6239,0.5883,0,2,0.3,0.3,0.4,0.3,0.5,0.2,0.4,0.6
DS00059,Data_Scientist,Data Scientist,F,36-40,3,MSc,2.7,0.7955,0.6755,0.5864,0.7746,0.7982,1.0,0.671,0.8079,0.6508,0.7136,1,2,0.3,0.3,0.4,0.3,0.5,0.2,0.4,0.6
DS00060,Data_Scientist,Data Scientist,M,26-30,1,Diploma,2.0,0.6274,0.5933,0.5365,0.4847,0.491,0.8,0.6224,0.6363,0.5432,0.5804,0,0,0.3,0.3,0.4,0.3,0.5,0.2,0.4,0.6
DS00061,Data_Scientist,Data Scientist,M,36-40,2,BSc,3.1,0.6597,0.8427,0.7214,0.7704,0.6239,1.0,0.6297,0.7391,0.7676,0.7562,0,2,0.3,0.3,0.4,0.3,0.5,0.2,0.4,0.6
DS00062,Data_Scientist,Data Scientist,M,22-25,4,PhD,1.4,0.7605,0.7793,0.7886,0.7522,0.9042,0.56,0.4801,0.6313,0.7785,0.7196,1,1,0.3,0.3,0.4,0.3,0.5,0.2,0.4,0.6
DS00063,Data_Scientist,Data Scientist,M,36-40,2,BSc,6.9,0.426,0.7972,0.9964,0.588,0.5304,1.0,0.8011,0.7796,0.855,0.8248,0,3,0.3,0.3,0.4,0.3,0.5,0.2,0.4,0.6
DS00064,Data_Scientist,Data Scientist,M,36-40,3,MSc,3.4,0.5769,0.8132,0.6725,0.7224,0.7107,1.0,0.6411,0.7696,0.7247,0.7427,1,2,0.3,0.3,0.4,0.3,0.5,0.2,0.4,0.6
DS00065,Data_Scientist,Data Scientist,M,22-25,3,MSc,4.3,0.7447,0.8067,0.7129,0.7661,0.7779,1.0,0.8922,0.8902,0.7517,0.8071,1,2,0.3,0.3,0.4,0.3,0.5,0.2,0.4,0.6
DS00066,Data_Scientist,Data Scientist,F,22-25,3,MSc,2.8,0.7276,0.471,0.5435,0.5889,0.771,1.0,0.5024,0.7323,0.5308,0.6114,1,1,0.3,0.3,0.4,0.3,0.5,0.2,0.4,0.6
DS00067,Data_Scientist,Data Scientist,M,22-25,3,MSc,5.2,1.0,0.8079,0.65,0.8343,0.88,1.0,0.5673,0.7909,0.7342,0.7569,1,2,0.3,0.3,0.4,0.3,0.5,0.2,0.4,0.6
DS00068,Data_Scientist,Data Scientist,M,31-35,1,Diploma,5.9,0.9356,0.6057,0.6145,0.6765,0.6143,1.0,0.5436,0.7017,0.6242,0.6552,0,2,0.3,0.3,0.4,0.3,0.5,0.2,0.4,0.6
DS00069,Data_Scientist,Data Scientist,M,26-30,4,PhD,0.6,0.9062,0.7086,0.8156,0.4976,0.9625,0.24,0.6703,0.6289,0.7199,0.6835,0,2,0.3,0.3,0.4,0.3,0.5,0.2,0.4,0.6
DS00070,Data_Scientist,Data Scientist,F,26-30,2,BSc,5.3,0.7553,0.8826,0.8636,0.6896,0.6621,1.0,0.7131,0.7839,0.8345,0.8143,0,3,0.3,0.3,0.4,0.3,0.5,0.2,0.4,0.6
DS00071,Data_Scientist,Data Scientist,M,26-30,2,BSc,1.6,0.5843,0.6743,0.8492,0.4827,0.5937,0.64,0.5498,0.59,0.7235,0.6701,0,2,0.3,0.3,0.4,0.3,0.5,0.2,0.4,0.6
DS00072,Data_Scientist,Data Scientist,M,26-30,3,MSc,4.2,0.9133,0.7179,0.5798,0.7231,0.8453,1.0,0.5507,0.7739,0.6499,0.6995,1,1,0.3,0.3,0.4,0.3,0.5,0.2,0.4,0.6
DS00073,Data_Scientist,Data Scientist,F,31-35,3,MSc,2.9,0.5753,0.8088,0.6659,0.7261,0.7101,1.0,0.782,0.8258,0.7208,0.7628,1,2,0.3,0.3,0.4,0.3,0.5,0.2,0.4,0.6
DS00074,Data_Scientist,Data Scientist,F,26-30,3,MSc,5.0,0.536,0.8501,0.8717,0.7637,0.6944,1.0,0.5911,0.7448,0.8436,0.8041,1,2,0.3,0.3,0.4,0.3,0.5,0.2,0.4,0.6
DS00075,Data_Scientist,Data Scientist,F,22-25,4,PhD,0.1,0.7686,0.5548,0.5543,0.6543,0.9075,0.04,0.5892,0.5199,0.5744,0.5526,0,1,0.3,0.3,0.4,0.3,0.5,0.2,0.4,0.6
DS00076,Data_Scientist,Data Scientist,F,22-25,3,MSc,3.5,0.573,0.545,0.7432,0.6961,0.7092,1.0,0.5755,0.743,0.6743,0.7018,1,2,0.3,0.3,0.4,0.3,0.5,0.2,0.4,0.6
DS00077,Data_Scientist,Data Scientist,M,36-40,3,MSc,3.6,0.4456,0.9563,0.8728,0.2098,0.6583,1.0,0.7776,0.8085,0.7652,0.7825,1,3,0.3,0.3,0.4,0.3,0.5,0.2,0.4,0.6
DS00078,Data_Scientist,Data Scientist,M,31-35,3,MSc,4.2,0.7102,0.642,0.5431,0.6116,0.7641,1.0,0.5339,0.7428,0.5865,0.649,1,1,0.3,0.3,0.4,0.3,0.5,0.2,0.4,0.6
DS00079,Data_Scientist,Data Scientist,F,22-25,2,BSc,0.1,0.558,0.7858,0.4993,0.3953,0.5832,0.04,0.5047,0.3888,0.5644,0.4942,0,1,0.3,0.3,0.4,0.3,0.5,0.2,0.4,0.6
DS00080,Data_Scientist,Data Scientist,M,22-25,3,MSc,6.9,0.8534,0.6377,0.7458,0.7842,0.8213,1.0,0.654,0.808,0.721,0.7558,1,2,0.3,0.3,0.4,0.3,0.5,0.2,0.4,0.6
DS00081,Data_Scientist,Data Scientist,M,26-30,2,BSc,0.0,0.8268,0.6799,0.6917,0.7,0.6907,0.0,0.8102,0.5313,0.6898,0.6264,0,2,0.3,0.3,0.4,0.3,0.5,0.2,0.4,0.6
DS00082,Data_Scientist,Data Scientist,M,31-35,4,PhD,3.7,0.6649,0.8128,0.7681,0.6265,0.866,1.0,0.7768,0.8705,0.7532,0.8001,1,3,0.3,0.3,0.4,0.3,0.5,0.2,0.4,0.6
DS00083,Data_Scientist,Data Scientist,F,36-40,2,BSc,2.9,0.8399,0.6525,0.4334,0.5106,0.696,1.0,0.5107,0.7131,0.5146,0.594,0,1,0.3,0.3,0.4,0.3,0.5,0.2,0.4,0.6
DS00084,Data_Scientist,Data Scientist,M,31-35,1,Diploma,2.6,0.5499,0.5286,0.5729,0.461,0.46,1.0,0.279,0.5496,0.5372,0.5422,0,0,0.3,0.3,0.4,0.3,0.5,0.2,0.4,0.6
DS00085,Data_Scientist,Data Scientist,F,22-25,3,MSc,2.7,0.8802,0.6757,0.8161,0.8602,0.8321,1.0,0.6435,0.807,0.7828,0.7925,1,2,0.3,0.3,0.4,0.3,0.5,0.2,0.4,0.6
DS00086,Data_Scientist,Data Scientist,M,22-25,3,MSc,3.5,0.5748,0.6792,0.5708,0.58,0.7099,1.0,0.4217,0.6817,0.6051,0.6357,1,1,0.3,0.3,0.4,0.3,0.5,0.2,0.4,0.6
DS00087,Data_Scientist,Data Scientist,M,26-30,2,BSc,0.0,0.7207,0.6518,0.3387,0.3977,0.6483,0.0,0.4197,0.3624,0.4445,0.4117,0,0,0.3,0.3,0.4,0.3,0.5,0.2,0.4,0.6
DS00088,Data_Scientist,Data Scientist,F,22-25,4,PhD,2.5,0.9294,0.7877,0.5415,0.4328,0.9718,1.0,0.6535,0.853,0.5936,0.6974,1,1,0.3,0.3,0.4,0.3,0.5,0.2,0.4,0.6
DS00089,Data_Scientist,Data Scientist,M,40+,2,BSc,2.0,1.0,0.8897,0.5248,0.5208,0.76,0.8,0.381,0.6204,0.6335,0.6283,0,1,0.3,0.3,0.4,0.3,0.5,0.2,0.4,0.6
DS00090,Data_Scientist,Data Scientist,M,22-25,3,MSc,4.1,0.5976,0.6905,0.7118,0.7471,0.719,1.0,0.7002,0.7958,0.7125,0.7458,1,2,0.3,0.3,0.4,0.3,0.5,0.2,0.4,0.6
DS00091,Data_Scientist,Data Scientist,M,22-25,2,BSc,5.2,0.5716,0.7112,0.9286,0.5641,0.5886,1.0,0.7134,0.762,0.7905,0.7791,0,3,0.3,0.3,0.4,0.3,0.5,0.2,0.4,0.6
DS00092,Data_Scientist,Data Scientist,M,26-30,2,BSc,0.2,0.3991,0.6763,0.5493,0.5024,0.5196,0.08,0.5677,0.407,0.578,0.5096,0,1,0.3,0.3,0.4,0.3,0.5,0.2,0.4,0.6
DS00093,Data_Scientist,Data Scientist,M,26-30,2,BSc,4.3,0.8474,0.5277,0.7448,0.8516,0.6989,1.0,0.8435,0.8471,0.701,0.7594,0,2,0.3,0.3,0.4,0.3,0.5,0.2,0.4,0.6
DS00094,Data_Scientist,Data Scientist,M,26-30,3,MSc,5.7,0.9819,0.6431,0.4532,0.7826,0.8727,1.0,0.7043,0.8435,0.576,0.683,1,0,0.3,0.3,0.4,0.3,0.5,0.2,0.4,0.6
DS00095,Data_Scientist,Data Scientist,F,22-25,3,MSc,7.2,0.8638,0.6771,0.9818,0.5806,0.8255,1.0,0.6301,0.7997,0.8101,0.8059,1,2,0.3,0.3,0.4,0.3,0.5,0.2,0.4,0.6
DS00096,Data_Scientist,Data Scientist,M,31-35,3,MSc,3.0,0.7633,0.7455,0.6473,0.5102,0.7853,1.0,0.4916,0.7322,0.6493,0.6825,1,0,0.3,0.3,0.4,0.3,0.5,0.2,0.4,0.6
DS00097,Data_Scientist,Data Scientist,M,26-30,3,MSc,4.8,0.6252,0.8481,0.4695,0.5576,0.7301,1.0,0.4852,0.7131,0.6007,0.6457,1,1,0.3,0.3,0.4,0.3,0.5,0.2,0.4,0.6
DS00098,Data_Scientist,Data Scientist,F,26-30,3,MSc,1.7,0.7008,0.6571,0.7073,0.4517,0.7603,0.68,0.6272,0.683,0.6412,0.6579,1,2,0.3,0.3,0.4,0.3,0.5,0.2,0.4,0.6
DS00099,Data_Scientist,Data Scientist,M,26-30,3,MSc,1.9,0.7434,0.6097,0.519,0.7418,0.7774,0.76,0.7319,0.754,0.5908,0.6561,1,1,0.3,0.3,0.4,0.3,0.5,0.2,0.4,0.6
DS00100,Data_Scientist,Data Scientist,M,22-25,2,BSc,2.2,0.6523,0.6014,0.5314,0.5645,0.6209,0.88,0.4936,0.6477,0.5591,0.5945,0,1,0.3,0.3,0.4,0.3,0.5,0.2,0.4,0.6
DS00101,Data_Scientist,Data Scientist,M,31-35,3,MSc,4.5,1.0,0.6136,0.7423,0.5486,0.88,1.0,0.7481,0.8632,0.6649,0.7442,1,2,0.3,0.3,0.4,0.3,0.5,0.2,0.4,0.6
DS00102,Data_Scientist,Data Scientist,M,22-25,3,MSc,0.5,1.0,0.5782,0.2953,0.461,0.88,0.2,0.4855,0.5182,0.4133,0.4553,0,0,0.3,0.3,0.4,0.3,0.5,0.2,0.4,0.6
DS00103,Data_Scientist,Data Scientist,F,26-30,3,MSc,5.7,0.7267,0.9195,0.9008,0.6616,0.7707,1.0,0.8208,0.8595,0.8585,0.8589,1,3,0.3,0.3,0.4,0.3,0.5,0.2,0.4,0.6
DS00104,Data_Scientist,Data Scientist,M,36-40,3,MSc,3.4,0.4269,0.8061,0.5611,0.5625,0.6508,1.0,0.6138,0.7407,0.6349,0.6772,1,1,0.3,0.3,0.4,0.3,0.5,0.2,0.4,0.6
DS00105,Data_Scientist,Data Scientist,M,26-30,3,MSc,1.9,1.0,0.7472,0.6204,0.5915,0.88,0.76,0.6141,0.7376,0.6527,0.6867,1,2,0.3,0.3,0.4,0.3,0.5,0.2,0.4,0.6
DS00106,Data_Scientist,Data Scientist,M,26-30,3,MSc,4.8,0.6261,0.7752,0.8322,0.7179,0.7305,1.0,0.8103,0.8433,0.7922,0.8126,1,3,0.3,0.3,0.4,0.3,0.5,0.2,0.4,0.6
DS00107,Data_Scientist,Data Scientist,M,26-30,3,MSc,4.0,0.6544,0.7734,0.7608,0.5262,0.7418,1.0,0.576,0.7529,0.7177,0.7318,1,2,0.3,0.3,0.4,0.3,0.5,0.2,0.4,0.6
DS00108,Data_Scientist,Data Scientist,M,26-30,3,MSc,6.8,0.8418,0.6121,0.9596,1.0,0.8167,1.0,0.8472,0.8839,0.8634,0.8716,1,3,0.3,0.3,0.4,0.3,0.5,0.2,0.4,0.6
DS00109,Data_Scientist,Data Scientist,F,22-25,2,BSc,2.9,0.6935,0.7125,0.8076,0.7183,0.6374,1.0,0.7348,0.7851,0.7612,0.7708,0,3,0.3,0.3,0.4,0.3,0.5,0.2,0.4,0.6
DS00110,Data_Scientist,Data Scientist,M,26-30,3,MSc,3.8,0.7836,0.7632,0.7243,0.7143,0.7934,1.0,0.554,0.7596,0.734,0.7442,1,2,0.3,0.3,0.4,0.3,0.5,0.2,0.4,0.6
DS00111,Data_Scientist,Data Scientist,F,26-30,3,MSc,7.9,0.6968,0.6627,1.0,0.8137,0.7587,1.0,0.5612,0.7521,0.8615,0.8177,1,2,0.3,0.3,0.4,0.3,0.5,0.2,0.4,0.6
DS00112,Data_Scientist,Data Scientist,F,31-35,3,MSc,4.2,0.6971,0.7456,0.811,0.3993,0.7588,1.0,0.7651,0.8337,0.7091,0.7589,1,3,0.3,0.3,0.4,0.3,0.5,0.2,0.4,0.6
DS00113,Data_Scientist,Data Scientist,M,31-35,1,Diploma,4.1,0.5518,0.6798,0.8098,0.7709,0.4607,1.0,0.6284,0.6896,0.763,0.7336,0,2,0.3,0.3,0.4,0.3,0.5,0.2,0.4,0.6
DS00114,Data_Scientist,Data Scientist,M,22-25,2,BSc,7.5,0.805,0.6957,0.7364,0.7821,0.682,1.0,0.8688,0.8521,0.7333,0.7808,0,2,0.3,0.3,0.4,0.3,0.5,0.2,0.4,0.6
DS00115,Data_Scientist,Data Scientist,M,36-40,3,MSc,5.4,0.6088,0.605,0.7058,0.7715,0.7235,1.0,0.7088,0.8006,0.6887,0.7335,1,2,0.3,0.3,0.4,0.3,0.5,0.2,0.4,0.6
DS00116,Data_Scientist,Data Scientist,F,22-25,3,MSc,1.3,0.6917,0.6043,0.5571,0.6307,0.7567,0.52,0.477,0.5738,0.586,0.5811,1,1,0.3,0.3,0.4,0.3,0.5,0.2,0.4,0.6
DS00117,Data_Scientist,Data Scientist,M,26-30,3,MSc,5.7,0.7536,0.6996,0.7151,0.8944,0.7814,1.0,0.5367,0.7491,0.7463,0.7474,1,2,0.3,0.3,0.4,0.3,0.5,0.2,0.4,0.6
DS00118,Data_Scientist,Data Scientist,F,36-40,3,MSc,4.0,0.8359,0.7714,0.7359,0.7469,0.8144,1.0,0.9431,0.9215,0.7488,0.8179,1,2,0.3,0.3,0.4,0.3,0.5,0.2,0.4,0.6
DS00119,Data_Scientist,Data Scientist,M,31-35,2,BSc,3.4,0.6919,0.455,0.5529,0.5036,0.6368,1.0,0.5117,0.6957,0.5137,0.5865,0,1,0.3,0.3,0.4,0.3,0.5,0.2,0.4,0.6
DS00120,Data_Scientist,Data Scientist,F,26-30,2,BSc,5.2,0.5127,0.7929,0.856,0.8391,0.5651,1.0,0.7304,0.7617,0.8337,0.8049,0,3,0.3,0.3,0.4,0.3,0.5,0.2,0.4,0.6
DS00121,Data_Scientist,Data Scientist,M,31-35,2,BSc,6.1,0.8293,0.6069,0.7674,0.4146,0.6917,1.0,0.3811,0.6599,0.6487,0.6532,0,1,0.3,0.3,0.4,0.3,0.5,0.2,0.4,0.6
DS00122,Data_Scientist,Data Scientist,F,36-40,3,MSc,4.2,0.99,0.8156,1.0,0.7225,0.876,1.0,0.6569,0.8256,0.8892,0.8638,1,2,0.3,0.3,0.4,0.3,0.5,0.2,0.4,0.6
DS00123,Data_Scientist,Data Scientist,F,40+,2,BSc,8.1,0.8345,0.6624,0.8541,0.8033,0.6938,1.0,0.581,0.7406,0.7864,0.7681,0,2,0.3,0.3,0.4,0.3,0.5,0.2,0.4,0.6
DS00124,Data_Scientist,Data Scientist,M,26-30,4,PhD,4.7,0.5988,0.8001,0.9312,0.5847,0.8395,1.0,0.7162,0.8383,0.8226,0.8289,1,3,0.3,0.3,0.4,0.3,0.5,0.2,0.4,0.6
DS00125,Data_Scientist,Data Scientist,M,22-25,4,PhD,5.0,0.9892,0.7197,0.7202,0.6075,0.9957,1.0,0.6467,0.8574,0.6975,0.7615,1,2,0.3,0.3,0.4,0.3,0.5,0.2,0.4,0.6
DS00126,Data_Scientist,Data Scientist,F,26-30,4,PhD,3.3,0.7634,0.5738,0.702,0.6202,0.9053,1.0,0.6288,0.8231,0.6472,0.7176,1,2,0.3,0.3,0.4,0.3,0.5,0.2,0.4,0.6
DS00127,Data_Scientist,Data Scientist,M,36-40,1,Diploma,4.3,0.7544,0.6545,0.8998,0.9591,0.5417,1.0,0.6624,0.7275,0.8381,0.7939,0,2,0.3,0.3,0.4,0.3,0.5,0.2,0.4,0.6
DS00128,Data_Scientist,Data Scientist,M,22-25,3,MSc,4.0,0.6795,0.7111,0.5346,0.659,0.7518,1.0,0.5735,0.7549,0.6124,0.6694,1,1,0.3,0.3,0.4,0.3,0.5,0.2,0.4,0.6
DS00129,Data_Scientist,Data Scientist,F,26-30,3,MSc,1.2,0.8297,0.7675,0.468,0.5807,0.8119,0.48,0.4837,0.5811,0.5804,0.5807,1,1,0.3,0.3,0.4,0.3,0.5,0.2,0.4,0.6
DS00130,Data_Scientist,Data Scientist,F,22-25,3,MSc,5.1,0.6628,0.7013,0.726,0.7083,0.7451,1.0,0.7322,0.8164,0.7151,0.7556,1,2,0.3,0.3,0.4,0.3,0.5,0.2,0.4,0.6
DS00131,Data_Scientist,Data Scientist,F,22-25,3,MSc,5.4,0.958,0.7484,0.5824,0.5883,0.8632,1.0,0.499,0.7586,0.6334,0.6835,1,1,0.3,0.3,0.4,0.3,0.5,0.2,0.4,0.6
DS00132,Data_Scientist,Data Scientist,F,26-30,3,MSc,1.9,0.6194,0.6787,0.6732,0.7415,0.7278,0.76,0.7328,0.7395,0.6885,0.7089,1,2,0.3,0.3,0.4,0.3,0.5,0.2,0.4,0.6
DS00133,Data_Scientist,Data Scientist,M,22-25,4,PhD,0.0,0.7896,0.9887,0.589,0.4067,0.9158,0.0,0.7593,0.5785,0.6725,0.6349,0,3,0.3,0.3,0.4,0.3,0.5,0.2,0.4,0.6
DS00134,Data_Scientist,Data Scientist,F,31-35,1,Diploma,2.0,0.5981,0.6985,0.6193,0.4437,0.4792,0.8,0.619,0.6313,0.6079,0.6173,0,2,0.3,0.3,0.4,0.3,0.5,0.2,0.4,0.6
DS00135,Data_Scientist,Data Scientist,M,26-30,2,BSc,0.0,0.8746,0.4258,0.48,0.6709,0.7098,0.0,0.3702,0.361,0.5019,0.4455,0,1,0.3,0.3,0.4,0.3,0.5,0.2,0.4,0.6
DS00136,Data_Scientist,Data Scientist,F,40+,3,MSc,1.7,0.7985,0.5496,0.6534,0.5207,0.7994,0.68,0.5522,0.6647,0.5957,0.6233,1,2,0.3,0.3,0.4,0.3,0.5,0.2,0.4,0.6
DS00137,Data_Scientist,Data Scientist,M,26-30,3,MSc,1.6,0.9938,0.8071,0.5422,0.561,0.8775,0.64,0.6194,0.703,0.6254,0.6564,1,1,0.3,0.3,0.4,0.3,0.5,0.2,0.4,0.6
DS00138,Data_Scientist,Data Scientist,M,36-40,3,MSc,3.5,0.959,0.6375,0.6318,0.7877,0.8636,1.0,0.764,0.8647,0.6647,0.7447,1,2,0.3,0.3,0.4,0.3,0.5,0.2,0.4,0.6
DS00139,Data_Scientist,Data Scientist,M,26-30,3,MSc,2.5,0.7272,0.7493,0.4469,0.3579,0.7709,1.0,0.437,0.7061,0.5199,0.5944,1,1,0.3,0.3,0.4,0.3,0.5,0.2,0.4,0.6
DS00140,Data_Scientist,Data Scientist,M,36-40,2,BSc,8.1,1.0,0.8154,0.7062,0.703,0.76,1.0,0.5506,0.7482,0.7383,0.7423,0,2,0.3,0.3,0.4,0.3,0.5,0.2,0.4,0.6
DS00141,Data_Scientist,Data Scientist,M,26-30,3,MSc,2.5,0.8585,0.5497,0.4639,0.4908,0.8234,1.0,0.4214,0.7156,0.495,0.5832,1,2,0.3,0.3,0.4,0.3,0.5,0.2,0.4,0.6
DS00142,Data_Scientist,Data Scientist,M,31-35,3,MSc,5.9,0.7755,0.9055,0.8033,0.645,0.7902,1.0,0.6715,0.8057,0.8023,0.8037,1,2,0.3,0.3,0.4,0.3,0.5,0.2,0.4,0.6
DS00143,Data_Scientist,Data Scientist,M,22-25,2,BSc,2.6,0.9298,0.7014,0.7983,0.3063,0.7319,1.0,0.7053,0.8017,0.6709,0.7232,0,3,0.3,0.3,0.4,0.3,0.5,0.2,0.4,0.6
DS00144,Data_Scientist,Data Scientist,M,22-25,2,BSc,2.0,0.8005,0.5607,0.7767,0.6692,0.6802,0.8,0.542,0.6609,0.6904,0.6786,0,2,0.3,0.3,0.4,0.3,0.5,0.2,0.4,0.6
DS00145,Data_Scientist,Data Scientist,M,22-25,4,PhD,4.8,0.7475,0.8117,0.7825,0.6424,0.899,1.0,0.7406,0.8659,0.7633,0.8043,1,3,0.3,0.3,0.4,0.3,0.5,0.2,0.4,0.6
DS00146,Data_Scientist,Data Scientist,F,26-30,3,MSc,2.4,0.7299,0.8248,0.6876,0.4044,0.772,0.96,0.9285,0.891,0.6721,0.7597,1,2,0.3,0.3,0.4,0.3,0.5,0.2,0.4,0.6
DS00147,Data_Scientist,Data Scientist,M,31-35,4,PhD,2.7,0.6564,0.6497,0.7073,0.6516,0.8625,1.0,0.6953,0.8369,0.6789,0.7421,1,2,0.3,0.3,0.4,0.3,0.5,0.2,0.4,0.6
DS00148,Data_Scientist,Data Scientist,M,40+,2,BSc,2.3,0.7696,0.7637,0.751,0.6325,0.6678,0.92,0.5828,0.7095,0.7311,0.7225,0,2,0.3,0.3,0.4,0.3,0.5,0.2,0.4,0.6
DS00149,Data_Scientist,Data Scientist,M,22-25,4,PhD,2.0,0.7559,0.7414,0.7152,0.6324,0.9024,0.8,0.927,0.8815,0.7065,0.7765,1,2,0.3,0.3,0.4,0.3,0.5,0.2,0.4,0.6
DS00150,Data_Scientist,Data Scientist,F,40+,3,MSc,1.1,0.7879,0.7145,0.723,0.6891,0.7952,0.44,0.5996,0.6104,0.7137,0.6724,1,2,0.3,0.3,0.4,0.3,0.5,0.2,0.4,0.6
DS00151,Data_Scientist,Data Scientist,M,22-25,3,MSc,2.9,0.5761,0.7932,0.8536,0.6003,0.7105,1.0,0.7024,0.7941,0.7848,0.7885,1,3,0.3,0.3,0.4,0.3,0.5,0.2,0.4,0.6
DS00152,Data_Scientist,Data Scientist,F,31-35,2,BSc,1.6,0.5912,0.5889,0.5746,0.3446,0.5965,0.64,0.5184,0.5783,0.5329,0.5511,0,1,0.3,0.3,0.4,0.3,0.5,0.2,0.4,0.6
DS00153,Data_Scientist,Data Scientist,F,22-25,3,MSc,2.3,0.82,0.7813,0.803,0.5019,0.808,0.92,0.6251,0.7685,0.7363,0.7492,1,2,0.3,0.3,0.4,0.3,0.5,0.2,0.4,0.6
DS00154,Data_Scientist,Data Scientist,M,31-35,2,BSc,3.1,0.9197,0.6852,0.7455,0.6341,0.7279,1.0,0.4412,0.6949,0.7051,0.701,0,1,0.3,0.3,0.4,0.3,0.5,0.2,0.4,0.6
DS00155,Data_Scientist,Data Scientist,M,31-35,3,MSc,3.5,0.9166,0.7664,0.5187,0.5756,0.8466,1.0,0.6824,0.8269,0.6044,0.6934,1,1,0.3,0.3,0.4,0.3,0.5,0.2,0.4,0.6
DS00156,Data_Scientist,Data Scientist,M,36-40,2,BSc,6.3,0.7656,0.5998,0.736,0.6941,0.6662,1.0,0.8122,0.8247,0.6868,0.742,0,2,0.3,0.3,0.4,0.3,0.5,0.2,0.4,0.6
DS00157,Data_Scientist,Data Scientist,F,22-25,2,BSc,2.7,0.8802,0.8318,0.6651,0.4855,0.7121,1.0,0.5302,0.7257,0.6792,0.6978,0,2,0.3,0.3,0.4,0.3,0.5,0.2,0.4,0.6
DS00158,Data_Scientist,Data Scientist,M,36-40,2,BSc,3.2,0.7269,0.6783,0.607,0.7581,0.6508,1.0,0.5958,0.7336,0.6586,0.6886,0,2,0.3,0.3,0.4,0.3,0.5,0.2,0.4,0.6
DS00159,Data_Scientist,Data Scientist,M,22-25,3,MSc,7.7,0.8951,0.6966,0.7219,0.4872,0.838,1.0,0.7164,0.838,0.6674,0.7356,1,2,0.3,0.3,0.4,0.3,0.5,0.2,0.4,0.6
DS00160,Data_Scientist,Data Scientist,M,26-30,3,MSc,5.3,0.9375,0.7669,0.8765,0.8863,0.855,1.0,0.6085,0.7999,0.8456,0.8273,1,2,0.3,0.3,0.4,0.3,0.5,0.2,0.4,0.6
DS00161,Data_Scientist,Data Scientist,M,26-30,2,BSc,2.8,0.6856,0.6108,0.7046,0.6103,0.6342,1.0,0.6217,0.739,0.6576,0.6902,0,2,0.3,0.3,0.4,0.3,0.5,0.2,0.4,0.6
DS00162,Data_Scientist,Data Scientist,F,22-25,4,PhD,3.2,0.9638,0.7585,0.7987,0.6576,0.9855,1.0,0.7069,0.8784,0.7584,0.8064,1,3,0.3,0.3,0.4,0.3,0.5,0.2,0.4,0.6
DS00163,Data_Scientist,Data Scientist,M,22-25,3,MSc,6.0,0.8272,0.7195,0.9081,0.6405,0.8109,1.0,0.532,0.7561,0.798,0.7812,1,2,0.3,0.3,0.4,0.3,0.5,0.2,0.4,0.6
DS00164,Data_Scientist,Data Scientist,F,26-30,2,BSc,0.3,0.6569,0.7006,0.56,0.3058,0.6228,0.12,0.4257,0.3931,0.5513,0.488,0,0,0.3,0.3,0.4,0.3,0.5,0.2,0.4,0.6
DS00165,Data_Scientist,Data Scientist,M,31-35,2,BSc,0.9,0.8792,0.6118,0.6611,0.5641,0.7117,0.36,0.6345,0.5753,0.6269,0.6063,0,2,0.3,0.3,0.4,0.3,0.5,0.2,0.4,0.6
DS00166,Data_Scientist,Data Scientist,M,31-35,2,BSc,4.4,0.7362,0.645,0.6746,0.4684,0.6545,1.0,0.3995,0.6562,0.6245,0.6372,0,1,0.3,0.3,0.4,0.3,0.5,0.2,0.4,0.6
DS00167,Data_Scientist,Data Scientist,F,26-30,4,PhD,3.0,0.8867,0.5813,0.7486,0.5256,0.9547,1.0,0.6873,0.8613,0.6538,0.7368,1,2,0.3,0.3,0.4,0.3,0.5,0.2,0.4,0.6
DS00168,Data_Scientist,Data Scientist,M,26-30,3,MSc,2.2,0.4135,0.5111,0.6062,0.4848,0.6454,0.88,0.4302,0.6297,0.5534,0.5839,1,1,0.3,0.3,0.4,0.3,0.5,0.2,0.4,0.6
DS00169,Data_Scientist,Data Scientist,M,22-25,3,MSc,3.4,0.978,0.6004,0.5887,0.5538,0.8712,1.0,0.7468,0.8601,0.5852,0.6952,1,1,0.3,0.3,0.4,0.3,0.5,0.2,0.4,0.6
DS00170,Data_Scientist,Data Scientist,F,22-25,2,BSc,2.0,0.6854,0.6149,0.5156,0.5964,0.6342,0.8,0.2977,0.5493,0.5615,0.5566,0,0,0.3,0.3,0.4,0.3,0.5,0.2,0.4,0.6
DS00171,Data_Scientist,Data Scientist,M,22-25,3,MSc,5.8,0.6149,0.574,0.8405,0.6937,0.7259,1.0,0.754,0.8194,0.7312,0.7665,1,3,0.3,0.3,0.4,0.3,0.5,0.2,0.4,0.6
DS00172,Data_Scientist,Data Scientist,M,31-35,2,BSc,1.8,0.6824,0.614,0.6408,0.5304,0.633,0.72,0.6277,0.657,0.6107,0.6292,0,1,0.3,0.3,0.4,0.3,0.5,0.2,0.4,0.6
DS00173,Data_Scientist,Data Scientist,M,26-30,3,MSc,1.2,0.6352,0.753,0.5981,0.6766,0.7341,0.48,0.6616,0.6289,0.6603,0.6477,1,2,0.3,0.3,0.4,0.3,0.5,0.2,0.4,0.6
DS00174,Data_Scientist,Data Scientist,M,26-30,2,BSc,4.9,1.0,0.5309,0.7461,0.8035,0.76,1.0,0.5986,0.7675,0.693,0.7228,0,2,0.3,0.3,0.4,0.3,0.5,0.2,0.4,0.6
DS00175,Data_Scientist,Data Scientist,M,26-30,3,MSc,4.6,0.9512,0.6517,0.5137,0.5518,0.8605,1.0,0.7127,0.8432,0.5627,0.6749,1,0,0.3,0.3,0.4,0.3,0.5,0.2,0.4,0.6
DS00176,Data_Scientist,Data Scientist,F,22-25,3,MSc,5.6,0.7439,0.8136,0.6311,0.9162,0.7775,1.0,0.8282,0.8645,0.7429,0.7915,1,2,0.3,0.3,0.4,0.3,0.5,0.2,0.4,0.6
DS00177,Data_Scientist,Data Scientist,F,31-35,3,MSc,4.7,1.0,0.8859,0.4894,0.4752,0.88,1.0,0.6662,0.8305,0.6055,0.6955,1,1,0.3,0.3,0.4,0.3,0.5,0.2,0.4,0.6
DS00178,Data_Scientist,Data Scientist,M,26-30,4,PhD,2.8,0.923,0.8054,0.6636,0.6605,0.9692,1.0,0.7904,0.9069,0.7055,0.7861,1,2,0.3,0.3,0.4,0.3,0.5,0.2,0.4,0.6
DS00179,Data_Scientist,Data Scientist,M,26-30,4,PhD,2.6,0.8383,0.6903,0.7251,0.7795,0.9353,1.0,0.7213,0.8691,0.7255,0.7829,1,2,0.3,0.3,0.4,0.3,0.5,0.2,0.4,0.6
DS00180,Data_Scientist,Data Scientist,F,22-25,4,PhD,2.1,0.9248,0.768,0.5531,0.4332,0.9699,0.84,0.5279,0.7541,0.5935,0.6577,1,1,0.3,0.3,0.4,0.3,0.5,0.2,0.4,0.6
DS00181,Data_Scientist,Data Scientist,M,26-30,3,MSc,0.4,0.9993,0.6736,0.688,0.6157,0.8797,0.16,0.6607,0.5762,0.6692,0.632,0,2,0.3,0.3,0.4,0.3,0.5,0.2,0.4,0.6
DS00182,Data_Scientist,Data Scientist,M,22-25,3,MSc,2.9,0.5836,0.8099,0.738,0.7824,0.7134,1.0,0.609,0.7576,0.7685,0.7641,1,2,0.3,0.3,0.4,0.3,0.5,0.2,0.4,0.6
DS00183,Data_Scientist,Data Scientist,F,26-30,3,MSc,4.9,0.7717,0.498,0.6851,0.6144,0.7887,1.0,0.3033,0.6579,0.6148,0.632,0,1,0.3,0.3,0.4,0.3,0.5,0.2,0.4,0.6
DS00184,Data_Scientist,Data Scientist,M,22-25,3,MSc,7.8,0.7142,0.8533,0.7294,0.621,0.7657,1.0,0.7391,0.8253,0.7449,0.7771,1,2,0.3,0.3,0.4,0.3,0.5,0.2,0.4,0.6
DS00185,Data_Scientist,Data Scientist,M,26-30,2,BSc,4.2,0.6927,0.6121,0.7993,0.2354,0.6371,1.0,0.5682,0.7184,0.6304,0.6656,0,2,0.3,0.3,0.4,0.3,0.5,0.2,0.4,0.6
DS00186,Data_Scientist,Data Scientist,F,26-30,3,MSc,1.7,0.8177,0.5699,0.7948,0.4804,0.8071,0.68,0.5721,0.675,0.6644,0.6686,1,2,0.3,0.3,0.4,0.3,0.5,0.2,0.4,0.6
DS00187,Data_Scientist,Data Scientist,F,26-30,2,BSc,4.3,0.5467,0.4274,0.7653,0.5139,0.5787,1.0,0.6766,0.7443,0.6136,0.6659,0,2,0.3,0.3,0.4,0.3,0.5,0.2,0.4,0.6
DS00188,Data_Scientist,Data Scientist,F,22-25,3,MSc,1.9,0.8063,0.6886,0.6867,0.6703,0.8025,0.76,0.5075,0.6718,0.684,0.6791,1,1,0.3,0.3,0.4,0.3,0.5,0.2,0.4,0.6
DS00189,Data_Scientist,Data Scientist,F,26-30,4,PhD,3.5,0.8941,0.8164,0.4233,0.8929,0.9577,1.0,0.6863,0.8618,0.6351,0.7258,1,1,0.3,0.3,0.4,0.3,0.5,0.2,0.4,0.6
DS00190,Data_Scientist,Data Scientist,M,22-25,2,BSc,0.0,0.777,0.6596,0.5016,0.2466,0.6708,0.0,0.5718,0.43,0.498,0.4708,0,1,0.3,0.3,0.4,0.3,0.5,0.2,0.4,0.6
DS00191,Data_Scientist,Data Scientist,M,22-25,3,MSc,6.5,0.8375,0.6191,0.6695,0.6202,0.815,1.0,0.7219,0.8333,0.6445,0.72,1,3,0.3,0.3,0.4,0.3,0.5,0.2,0.4,0.6
DS00192,Data_Scientist,Data Scientist,M,22-25,2,BSc,2.0,0.6949,0.545,0.5892,0.5661,0.638,0.8,0.6139,0.677,0.5713,0.6136,0,2,0.3,0.3,0.4,0.3,0.5,0.2,0.4,0.6
DS00193,Data_Scientist,Data Scientist,F,26-30,2,BSc,4.7,0.5909,0.6014,0.7329,0.8224,0.5964,1.0,0.4729,0.6681,0.7114,0.6941,0,1,0.3,0.3,0.4,0.3,0.5,0.2,0.4,0.6
DS00194,Data_Scientist,Data Scientist,F,22-25,3,MSc,2.0,0.8273,0.8593,0.4635,0.757,0.8109,0.8,0.5386,0.6987,0.6409,0.664,1,1,0.3,0.3,0.4,0.3,0.5,0.2,0.4,0.6
DS00195,Data_Scientist,Data Scientist,F,26-30,4,PhD,2.9,0.8779,0.5639,0.431,0.6342,0.9511,1.0,0.6093,0.829,0.5115,0.6385,1,1,0.3,0.3,0.4,0.3,0.5,0.2,0.4,0.6
DS00196,Data_Scientist,Data Scientist,M,22-25,2,BSc,1.0,0.7199,0.7406,0.6378,0.4561,0.648,0.4,0.5943,0.5521,0.6323,0.6002,0,2,0.3,0.3,0.4,0.3,0.5,0.2,0.4,0.6
DS00197,Data_Scientist,Data Scientist,F,40+,1,Diploma,3.8,0.7081,0.675,0.6376,0.616,0.5233,1.0,0.5869,0.6918,0.6445,0.6634,0,2,0.3,0.3,0.4,0.3,0.5,0.2,0.4,0.6
DS00198,Data_Scientist,Data Scientist,M,22-25,2,BSc,2.9,0.7875,0.6884,0.6753,0.6289,0.675,1.0,0.6718,0.7712,0.67,0.7105,0,2,0.3,0.3,0.4,0.3,0.5,0.2,0.4,0.6
DS00199,Data_Scientist,Data Scientist,M,26-30,3,MSc,1.3,0.6447,0.7388,0.5359,0.5114,0.7379,0.52,0.6829,0.6505,0.5919,0.6153,1,1,0.3,0.3,0.4,0.3,0.5,0.2,0.4,0.6
DS00200,Data_Scientist,Data Scientist,F,31-35,3,MSc,1.2,0.6647,0.7206,0.3853,0.4189,0.7459,0.48,0.7309,0.6601,0.4926,0.5596,1,1,0.3,0.3,0.4,0.3,0.5,0.2,0.4,0.6
DS00201,Data_Scientist,Data Scientist,M,26-30,3,MSc,3.4,0.7249,0.8372,0.7841,0.6764,0.77,1.0,0.7142,0.8167,0.7785,0.7938,1,3,0.3,0.3,0.4,0.3,0.5,0.2,0.4,0.6
DS00202,Data_Scientist,Data Scientist,M,26-30,3,MSc,0.0,0.8445,0.7148,0.8225,0.6725,0.8178,0.0,0.6898,0.5213,0.7602,0.6646,0,2,0.3,0.3,0.4,0.3,0.5,0.2,0.4,0.6
DS00203,Data_Scientist,Data Scientist,F,31-35,3,MSc,6.3,0.7889,0.5172,0.739,0.5583,0.7956,1.0,0.5242,0.7484,0.6363,0.6811,1,2,0.3,0.3,0.4,0.3,0.5,0.2,0.4,0.6
DS00204,Data_Scientist,Data Scientist,M,26-30,3,MSc,3.8,0.6847,0.7811,0.8028,0.6971,0.7539,1.0,0.7138,0.8117,0.7751,0.7897,1,3,0.3,0.3,0.4,0.3,0.5,0.2,0.4,0.6
DS00205,Data_Scientist,Data Scientist,M,26-30,4,PhD,3.3,0.9388,0.5635,0.4753,0.5064,0.9755,1.0,0.5804,0.8248,0.508,0.6347,1,1,0.3,0.3,0.4,0.3,0.5,0.2,0.4,0.6
DS00206,Data_Scientist,Data Scientist,M,36-40,2,BSc,1.6,0.8226,0.6238,0.7031,0.4261,0.689,0.64,0.4993,0.5984,0.6239,0.6137,0,1,0.3,0.3,0.4,0.3,0.5,0.2,0.4,0.6
DS00207,Data_Scientist,Data Scientist,F,22-25,3,MSc,5.6,0.7681,0.8817,0.8469,0.7434,0.7872,1.0,0.6856,0.8104,0.8367,0.8262,1,3,0.3,0.3,0.4,0.3,0.5,0.2,0.4,0.6
DS00208,Data_Scientist,Data Scientist,M,26-30,4,PhD,4.1,1.0,0.7095,0.8881,0.6156,1.0,1.0,0.4271,0.7708,0.78,0.7763,1,1,0.3,0.3,0.4,0.3,0.5,0.2,0.4,0.6
DS00209,Data_Scientist,Data Scientist,M,31-35,4,PhD,3.2,0.6435,0.7173,0.8218,0.5298,0.8574,1.0,0.8653,0.9034,0.7321,0.8006,1,3,0.3,0.3,0.4,0.3,0.5,0.2,0.4,0.6
DS00210,Data_Scientist,Data Scientist,F,26-30,4,PhD,5.9,0.8112,0.7309,0.8379,0.66,0.9245,1.0,0.7249,0.8673,0.7702,0.809,1,3,0.3,0.3,0.4,0.3,0.5,0.2,0.4,0.6
DS00211,Data_Scientist,Data Scientist,M,31-35,3,MSc,0.3,0.6823,0.7617,0.8743,0.4318,0.7529,0.12,0.6345,0.5157,0.752,0.6575,0,2,0.3,0.3,0.4,0.3,0.5,0.2,0.4,0.6
DS00212,Data_Scientist,Data Scientist,F,36-40,3,MSc,1.6,0.653,0.7775,0.4402,0.46,0.7412,0.64,0.3139,0.5399,0.5454,0.5432,0,0,0.3,0.3,0.4,0.3,0.5,0.2,0.4,0.6
DS00213,Data_Scientist,Data Scientist,F,22-25,2,BSc,0.7,0.6861,0.7078,0.7294,0.1469,0.6344,0.28,0.3236,0.4037,0.6064,0.5253,0,0,0.3,0.3,0.4,0.3,0.5,0.2,0.4,0.6
DS00214,Data_Scientist,Data Scientist,M,22-25,4,PhD,0.0,0.6026,0.6656,0.827,0.7803,0.8411,0.0,0.5997,0.4922,0.7692,0.6584,0,2,0.3,0.3,0.4,0.3,0.5,0.2,0.4,0.6
DS00215,Data_Scientist,Data Scientist,F,22-25,2,BSc,3.5,0.5923,0.598,0.6724,0.8043,0.5969,1.0,0.4943,0.6768,0.6764,0.6766,0,1,0.3,0.3,0.4,0.3,0.5,0.2,0.4,0.6
DS00216,Data_Scientist,Data Scientist,M,22-25,3,MSc,4.3,0.6153,0.5674,0.6606,0.6468,0.7261,1.0,0.7614,0.8224,0.6299,0.7069,1,3,0.3,0.3,0.4,0.3,0.5,0.2,0.4,0.6
DS00217,Data_Scientist,Data Scientist,M,22-25,3,MSc,1.0,0.8971,0.6609,0.6596,0.563,0.8388,0.4,0.5854,0.6058,0.6407,0.6267,1,2,0.3,0.3,0.4,0.3,0.5,0.2,0.4,0.6
DS00218,Data_Scientist,Data Scientist,F,26-30,3,MSc,1.3,0.6743,0.5216,0.6182,0.7794,0.7497,0.52,0.5939,0.6185,0.6215,0.6203,1,2,0.3,0.3,0.4,0.3,0.5,0.2,0.4,0.6
DS00219,Data_Scientist,Data Scientist,M,31-35,3,MSc,5.4,0.6051,0.7339,0.7722,0.8702,0.722,1.0,0.7859,0.831,0.7803,0.8006,1,3,0.3,0.3,0.4,0.3,0.5,0.2,0.4,0.6
DS00220,Data_Scientist,Data Scientist,F,36-40,3,MSc,5.7,0.6672,0.5682,0.7695,0.7517,0.7469,1.0,0.6148,0.77,0.7055,0.7313,1,2,0.3,0.3,0.4,0.3,0.5,0.2,0.4,0.6
DS00221,Data_Scientist,Data Scientist,M,22-25,3,MSc,1.8,0.7023,0.7495,0.3358,0.4247,0.7609,0.72,0.4966,0.6429,0.4777,0.5438,1,0,0.3,0.3,0.4,0.3,0.5,0.2,0.4,0.6
DS00222,Data_Scientist,Data Scientist,F,26-30,2,BSc,3.9,0.6359,0.8012,0.5518,0.5424,0.6144,1.0,0.4288,0.6559,0.6248,0.6372,0,1,0.3,0.3,0.4,0.3,0.5,0.2,0.4,0.6
DS00223,Data_Scientist,Data Scientist,M,26-30,2,BSc,4.0,0.6325,0.5757,0.6099,0.661,0.613,1.0,0.5331,0.6971,0.6099,0.6448,0,2,0.3,0.3,0.4,0.3,0.5,0.2,0.4,0.6
DS00224,Data_Scientist,Data Scientist,M,22-25,3,MSc,5.4,0.7877,0.6862,0.6998,0.7301,0.7951,1.0,0.7227,0.8276,0.7018,0.7521,1,2,0.3,0.3,0.4,0.3,0.5,0.2,0.4,0.6
DS00225,Data_Scientist,Data Scientist,M,22-25,2,BSc,4.3,0.5188,0.6858,0.7966,0.5519,0.5675,1.0,0.6851,0.7443,0.7144,0.7264,0,3,0.3,0.3,0.4,0.3,0.5,0.2,0.4,0.6
DS00226,Data_Scientist,Data Scientist,M,22-25,4,PhD,5.6,0.63,0.9705,0.9189,0.6579,0.852,1.0,0.5814,0.7882,0.8822,0.8446,1,2,0.3,0.3,0.4,0.3,0.5,0.2,0.4,0.6
DS00227,Data_Scientist,Data Scientist,M,31-35,4,PhD,2.5,1.0,0.6703,0.4939,0.5771,1.0,1.0,0.526,0.8104,0.5635,0.6623,1,1,0.3,0.3,0.4,0.3,0.5,0.2,0.4,0.6
DS00228,Data_Scientist,Data Scientist,M,31-35,2,BSc,4.0,0.7486,0.7541,0.8834,0.5885,0.6595,1.0,0.7135,0.7832,0.7856,0.7846,0,3,0.3,0.3,0.4,0.3,0.5,0.2,0.4,0.6
DS00229,Data_Scientist,Data Scientist,M,22-25,2,BSc,5.7,0.7061,0.6026,0.8528,0.9273,0.6424,1.0,0.797,0.8115,0.7926,0.8002,0,2,0.3,0.3,0.4,0.3,0.5,0.2,0.4,0.6
DS00230,Data_Scientist,Data Scientist,M,26-30,3,MSc,2.8,0.8784,0.7711,0.436,0.4633,0.8313,1.0,0.4601,0.7334,0.542,0.6186,1,1,0.3,0.3,0.4,0.3,0.5,0.2,0.4,0.6
DS00231,Data_Scientist,Data Scientist,M,26-30,3,MSc,4.9,0.7825,0.6556,0.8081,0.6823,0.793,1.0,0.6625,0.8029,0.7372,0.7635,1,2,0.3,0.3,0.4,0.3,0.5,0.2,0.4,0.6
DS00232,Data_Scientist,Data Scientist,M,26-30,4,PhD,4.5,0.7621,0.8078,0.6516,0.6695,0.9048,1.0,0.7134,0.8568,0.702,0.7639,1,2,0.3,0.3,0.4,0.3,0.5,0.2,0.4,0.6
DS00233,Data_Scientist,Data Scientist,F,26-30,2,BSc,3.1,1.0,0.6203,0.6594,0.4872,0.76,1.0,0.5551,0.75,0.6132,0.6679,0,2,0.3,0.3,0.4,0.3,0.5,0.2,0.4,0.6
DS00234,Data_Scientist,Data Scientist,F,26-30,3,MSc,4.1,0.9203,0.5708,0.5877,0.8691,0.8481,1.0,0.8332,0.8877,0.6389,0.7384,1,3,0.3,0.3,0.4,0.3,0.5,0.2,0.4,0.6
DS00235,Data_Scientist,Data Scientist,F,22-25,3,MSc,1.2,0.5718,0.5693,0.5655,0.563,0.7087,0.48,0.6373,0.6115,0.5661,0.5843,1,1,0.3,0.3,0.4,0.3,0.5,0.2,0.4,0.6
DS00236,Data_Scientist,Data Scientist,M,31-35,3,MSc,5.4,0.9303,0.6651,0.8007,0.5838,0.8521,1.0,0.5963,0.7941,0.7167,0.7477,1,2,0.3,0.3,0.4,0.3,0.5,0.2,0.4,0.6
DS00237,Data_Scientist,Data Scientist,F,26-30,1,Diploma,2.7,0.6024,0.6186,0.5891,0.5952,0.481,1.0,0.4558,0.6266,0.5992,0.6102,0,1,0.3,0.3,0.4,0.3,0.5,0.2,0.4,0.6
DS00238,Data_Scientist,Data Scientist,F,31-35,3,MSc,6.7,0.9695,0.9182,0.8464,0.77,0.8678,1.0,0.8596,0.9042,0.8527,0.8733,1,3,0.3,0.3,0.4,0.3,0.5,0.2,0.4,0.6
DS00239,Data_Scientist,Data Scientist,F,31-35,4,PhD,8.0,0.4284,0.8855,0.9232,1.0,0.7713,1.0,0.7343,0.8251,0.9273,0.8864,1,3,0.3,0.3,0.4,0.3,0.5,0.2,0.4,0.6
DS00240,Data_Scientist,Data Scientist,M,31-35,4,PhD,4.1,0.6522,0.7352,0.5006,0.5469,0.8609,1.0,0.5432,0.7755,0.5803,0.6584,1,1,0.3,0.3,0.4,0.3,0.5,0.2,0.4,0.6
DS00241,Data_Scientist,Data Scientist,M,31-35,3,MSc,2.1,0.814,0.7754,0.5821,0.3214,0.8056,0.84,0.5768,0.7244,0.588,0.6426,1,2,0.3,0.3,0.4,0.3,0.5,0.2,0.4,0.6
DS00242,Data_Scientist,Data Scientist,M,36-40,4,PhD,5.0,0.7521,0.6144,0.8397,0.632,0.9008,1.0,0.7553,0.8724,0.7306,0.7873,1,3,0.3,0.3,0.4,0.3,0.5,0.2,0.4,0.6
DS00243,Data_Scientist,Data Scientist,M,26-30,3,MSc,5.7,0.5884,0.8369,0.6952,0.7854,0.7154,1.0,0.7174,0.8016,0.7558,0.7741,1,2,0.3,0.3,0.4,0.3,0.5,0.2,0.4,0.6
DS00244,Data_Scientist,Data Scientist,M,26-30,1,Diploma,7.4,0.8162,0.7751,0.732,0.7655,0.5665,1.0,0.8243,0.7997,0.7516,0.7708,0,2,0.3,0.3,0.4,0.3,0.5,0.2,0.4,0.6
DS00245,Data_Scientist,Data Scientist,M,26-30,2,BSc,3.2,0.6396,0.6613,0.698,0.6918,0.6159,1.0,0.3606,0.629,0.6858,0.6631,0,1,0.3,0.3,0.4,0.3,0.5,0.2,0.4,0.6
DS00246,Data_Scientist,Data Scientist,M,31-35,3,MSc,5.1,1.0,0.7203,0.7812,0.851,0.88,1.0,0.733,0.8572,0.7769,0.809,1,3,0.3,0.3,0.4,0.3,0.5,0.2,0.4,0.6
DS00247,Data_Scientist,Data Scientist,M,22-25,3,MSc,0.0,0.7498,0.6453,0.7478,0.4979,0.7799,0.0,0.4122,0.3989,0.667,0.5598,0,1,0.3,0.3,0.4,0.3,0.5,0.2,0.4,0.6
DS00248,Data_Scientist,Data Scientist,M,31-35,3,MSc,4.9,0.5398,0.8058,0.7014,0.5833,0.6959,1.0,0.9873,0.9037,0.7091,0.7869,1,2,0.3,0.3,0.4,0.3,0.5,0.2,0.4,0.6
DS00249,Data_Scientist,Data Scientist,M,22-25,2,BSc,1.0,0.8731,0.7636,0.6155,0.2751,0.7092,0.4,0.5427,0.5499,0.5918,0.575,0,2,0.3,0.3,0.4,0.3,0.5,0.2,0.4,0.6
DS00250,Data_Scientist,Data Scientist,M,26-30,2,BSc,6.1,0.6172,0.6819,0.9853,0.6685,0.6069,1.0,0.7774,0.793,0.8309,0.8157,0,3,0.3,0.3,0.4,0.3,0.5,0.2,0.4,0.6
DS00251,Data_Scientist,Data Scientist,M,36-40,3,MSc,2.6,0.7271,0.5248,0.6309,0.5343,0.7708,1.0,0.5802,0.7633,0.5798,0.6532,1,1,0.3,0.3,0.4,0.3,0.5,0.2,0.4,0.6
DS00252,Data_Scientist,Data Scientist,M,40+,3,MSc,3.9,0.9634,0.6875,0.7561,0.6432,0.8654,1.0,0.6331,0.8129,0.7129,0.7529,1,2,0.3,0.3,0.4,0.3,0.5,0.2,0.4,0.6
DS00253,Data_Scientist,Data Scientist,F,22-25,2,BSc,4.3,0.8238,0.432,0.4938,0.5961,0.6895,1.0,0.6261,0.7573,0.4957,0.6003,0,1,0.3,0.3,0.4,0.3,0.5,0.2,0.4,0.6
DS00254,Data_Scientist,Data Scientist,M,22-25,2,BSc,4.1,0.8166,0.431,0.8668,0.5442,0.6866,1.0,0.6808,0.7783,0.6716,0.7143,0,3,0.3,0.3,0.4,0.3,0.5,0.2,0.4,0.6
DS00255,Data_Scientist,Data Scientist,F,31-35,3,MSc,2.3,0.6258,0.5895,0.4809,0.6598,0.7303,0.92,0.3658,0.6414,0.5493,0.5861,0,1,0.3,0.3,0.4,0.3,0.5,0.2,0.4,0.6
DS00256,Data_Scientist,Data Scientist,M,26-30,4,PhD,4.6,0.6225,0.7093,0.9201,0.6316,0.849,1.0,0.6029,0.7959,0.7991,0.7978,1,2,0.3,0.3,0.4,0.3,0.5,0.2,0.4,0.6
DS00257,Data_Scientist,Data Scientist,M,36-40,2,BSc,5.9,0.4852,0.7689,0.6283,0.6989,0.5541,1.0,0.5694,0.694,0.6846,0.6884,0,2,0.3,0.3,0.4,0.3,0.5,0.2,0.4,0.6
DS00258,Data_Scientist,Data Scientist,M,22-25,3,MSc,5.0,0.6497,0.7854,0.472,0.9424,0.7399,1.0,0.6692,0.7896,0.6601,0.7119,1,1,0.3,0.3,0.4,0.3,0.5,0.2,0.4,0.6
DS00259,Data_Scientist,Data Scientist,M,26-30,3,MSc,7.7,0.7203,0.8093,0.7756,0.7983,0.7681,1.0,0.6899,0.8064,0.7903,0.7967,1,2,0.3,0.3,0.4,0.3,0.5,0.2,0.4,0.6
DS00260,Data_Scientist,Data Scientist,F,31-35,4,PhD,5.1,0.6919,0.7035,0.7065,0.8161,0.8767,1.0,0.4928,0.7601,0.7275,0.7405,1,1,0.3,0.3,0.4,0.3,0.5,0.2,0.4,0.6
DS00261,Data_Scientist,Data Scientist,F,26-30,3,MSc,0.7,1.0,0.7606,0.4436,0.4662,0.88,0.28,0.7868,0.6627,0.5432,0.591,0,1,0.3,0.3,0.4,0.3,0.5,0.2,0.4,0.6
DS00262,Data_Scientist,Data Scientist,M,26-30,3,MSc,3.1,1.0,0.5913,0.6577,0.603,0.88,1.0,0.6246,0.8138,0.6269,0.7017,1,2,0.3,0.3,0.4,0.3,0.5,0.2,0.4,0.6
DS00263,Data_Scientist,Data Scientist,F,31-35,3,MSc,5.1,0.7528,0.8259,0.8121,0.7013,0.7811,1.0,0.8174,0.8613,0.7941,0.821,1,3,0.3,0.3,0.4,0.3,0.5,0.2,0.4,0.6
DS00264,Data_Scientist,Data Scientist,F,36-40,2,BSc,1.6,0.6104,0.6404,0.5335,0.488,0.6042,0.64,0.6426,0.6303,0.5565,0.586,0,1,0.3,0.3,0.4,0.3,0.5,0.2,0.4,0.6
DS00265,Data_Scientist,Data Scientist,M,31-35,3,MSc,3.5,0.7693,0.6502,0.7877,0.7206,0.7877,1.0,0.5218,0.745,0.733,0.7378,1,2,0.3,0.3,0.4,0.3,0.5,0.2,0.4,0.6
DS00266,Data_Scientist,Data Scientist,F,31-35,1,Diploma,4.9,0.9748,0.7069,0.6225,0.9347,0.6299,1.0,0.58,0.721,0.7103,0.7146,0,1,0.3,0.3,0.4,0.3,0.5,0.2,0.4,0.6
DS00267,Data_Scientist,Data Scientist,F,22-25,3,MSc,5.5,0.8714,0.7651,0.7215,0.7028,0.8286,1.0,0.774,0.8582,0.7308,0.7818,1,2,0.3,0.3,0.4,0.3,0.5,0.2,0.4,0.6
DS00268,Data_Scientist,Data Scientist,M,26-30,4,PhD,3.9,0.6932,0.7052,0.7485,0.5594,0.8773,1.0,0.4719,0.7519,0.6977,0.7194,1,1,0.3,0.3,0.4,0.3,0.5,0.2,0.4,0.6
DS00269,Data_Scientist,Data Scientist,M,31-35,3,MSc,6.9,0.7338,0.7214,0.768,0.5936,0.7735,1.0,0.6923,0.809,0.7192,0.7551,1,3,0.3,0.3,0.4,0.3,0.5,0.2,0.4,0.6
DS00270,Data_Scientist,Data Scientist,F,26-30,3,MSc,5.7,0.9266,0.7489,0.4126,0.6349,0.8506,1.0,0.7816,0.8678,0.558,0.6819,1,1,0.3,0.3,0.4,0.3,0.5,0.2,0.4,0.6
DS00271,Data_Scientist,Data Scientist,M,26-30,2,BSc,0.8,0.8485,0.6178,0.4872,0.4616,0.6994,0.32,0.6674,0.5728,0.5213,0.5419,0,1,0.3,0.3,0.4,0.3,0.5,0.2,0.4,0.6
DS00272,Data_Scientist,Data Scientist,M,31-35,2,BSc,4.4,0.3237,0.8572,0.5998,0.539,0.4895,1.0,0.7386,0.7423,0.6648,0.6958,0,2,0.3,0.3,0.4,0.3,0.5,0.2,0.4,0.6
DS00273,Data_Scientist,Data Scientist,M,26-30,2,BSc,7.7,0.789,0.67,0.6833,0.6507,0.6756,1.0,0.8579,0.8458,0.6728,0.742,0,2,0.3,0.3,0.4,0.3,0.5,0.2,0.4,0.6
DS00274,Data_Scientist,Data Scientist,M,22-25,2,BSc,4.8,0.7335,0.6873,0.7444,0.7122,0.6534,1.0,0.5693,0.7238,0.7208,0.722,0,2,0.3,0.3,0.4,0.3,0.5,0.2,0.4,0.6
DS00275,Data_Scientist,Data Scientist,F,36-40,3,MSc,3.6,0.5662,0.9983,0.8133,0.7047,0.7065,1.0,0.85,0.8519,0.8471,0.849,1,3,0.3,0.3,0.4,0.3,0.5,0.2,0.4,0.6
DS00276,Data_Scientist,Data Scientist,F,36-40,3,MSc,3.4,0.5367,0.8273,0.6021,0.673,0.6947,1.0,0.6342,0.7621,0.6838,0.7151,1,2,0.3,0.3,0.4,0.3,0.5,0.2,0.4,0.6
DS00277,Data_Scientist,Data Scientist,M,31-35,2,BSc,0.9,0.6354,0.608,0.7412,0.3076,0.6142,0.36,0.7049,0.5742,0.6145,0.5984,0,1,0.3,0.3,0.4,0.3,0.5,0.2,0.4,0.6
DS00278,Data_Scientist,Data Scientist,M,31-35,3,MSc,6.1,0.901,0.7097,0.6166,0.9612,0.8404,1.0,0.7227,0.8412,0.7134,0.7645,1,2,0.3,0.3,0.4,0.3,0.5,0.2,0.4,0.6
DS00279,Data_Scientist,Data Scientist,M,40+,3,MSc,2.3,0.6246,0.8148,0.6221,0.8078,0.7298,0.92,0.6815,0.7675,0.7171,0.7373,1,2,0.3,0.3,0.4,0.3,0.5,0.2,0.4,0.6
DS00280,Data_Scientist,Data Scientist,F,26-30,2,BSc,3.9,0.7581,0.4687,0.7207,0.853,0.6633,1.0,0.5588,0.7225,0.6715,0.6919,0,2,0.3,0.3,0.4,0.3,0.5,0.2,0.4,0.6
DS00281,Data_Scientist,Data Scientist,F,31-35,2,BSc,4.2,0.8762,0.6718,0.7781,0.7122,0.7105,1.0,0.7135,0.7986,0.733,0.7592,0,2,0.3,0.3,0.4,0.3,0.5,0.2,0.4,0.6
DS00282,Data_Scientist,Data Scientist,M,36-40,3,MSc,6.1,0.7909,0.6402,0.7107,0.4079,0.7964,1.0,0.5291,0.7505,0.629,0.6776,1,2,0.3,0.3,0.4,0.3,0.5,0.2,0.4,0.6
DS00283,Data_Scientist,Data Scientist,M,31-35,3,MSc,6.3,0.8371,0.6465,0.9004,0.7031,0.8148,1.0,0.7879,0.8596,0.7848,0.8147,1,3,0.3,0.3,0.4,0.3,0.5,0.2,0.4,0.6
DS00284,Data_Scientist,Data Scientist,M,22-25,2,BSc,0.0,0.9152,0.698,0.576,0.5914,0.7261,0.0,0.6543,0.4795,0.6157,0.5612,0,1,0.3,0.3,0.4,0.3,0.5,0.2,0.4,0.6
DS00285,Data_Scientist,Data Scientist,M,26-30,4,PhD,2.0,1.0,0.3966,0.6757,0.3357,1.0,0.8,0.5324,0.753,0.524,0.6156,1,2,0.3,0.3,0.4,0.3,0.5,0.2,0.4,0.6
DS00286,Data_Scientist,Data Scientist,M,22-25,3,MSc,3.9,0.562,0.5677,0.7442,0.5145,0.7048,1.0,0.6468,0.7701,0.6453,0.6952,1,2,0.3,0.3,0.4,0.3,0.5,0.2,0.4,0.6
DS00287,Data_Scientist,Data Scientist,F,22-25,3,MSc,3.8,0.6826,0.5437,0.7883,0.6423,0.753,1.0,0.6641,0.7916,0.6857,0.7281,1,2,0.3,0.3,0.4,0.3,0.5,0.2,0.4,0.6
DS00288,Data_Scientist,Data Scientist,M,26-30,3,MSc,5.1,0.7122,0.7349,0.7078,0.7772,0.7649,1.0,0.8145,0.8553,0.7298,0.78,1,2,0.3,0.3,0.4,0.3,0.5,0.2,0.4,0.6
DS00289,Data_Scientist,Data Scientist,F,26-30,2,BSc,5.6,0.6176,0.7082,0.6674,0.5799,0.607,1.0,0.5415,0.6987,0.6621,0.6767,0,2,0.3,0.3,0.4,0.3,0.5,0.2,0.4,0.6
DS00290,Data_Scientist,Data Scientist,M,26-30,2,BSc,1.1,0.5888,0.647,0.6309,0.5641,0.5955,0.44,0.8034,0.632,0.6224,0.6262,0,2,0.3,0.3,0.4,0.3,0.5,0.2,0.4,0.6
DS00291,Data_Scientist,Data Scientist,F,22-25,3,MSc,4.2,0.8973,0.6457,0.9031,0.684,0.8389,1.0,0.8027,0.8727,0.7821,0.8183,1,3,0.3,0.3,0.4,0.3,0.5,0.2,0.4,0.6
DS00292,Data_Scientist,Data Scientist,F,36-40,4,PhD,0.0,0.8374,0.7537,0.6254,0.6541,0.9349,0.0,0.8302,0.6126,0.6696,0.6468,0,2,0.3,0.3,0.4,0.3,0.5,0.2,0.4,0.6
DS00293,Data_Scientist,Data Scientist,F,31-35,4,PhD,2.8,0.8972,0.6154,0.6972,0.3586,0.9589,1.0,0.7552,0.8898,0.6049,0.7189,1,2,0.3,0.3,0.4,0.3,0.5,0.2,0.4,0.6
DS00294,Data_Scientist,Data Scientist,M,26-30,2,BSc,2.5,1.0,0.5476,0.752,0.4805,0.76,1.0,0.2451,0.6261,0.6364,0.6323,0,0,0.3,0.3,0.4,0.3,0.5,0.2,0.4,0.6
DS00295,Data_Scientist,Data Scientist,M,36-40,3,MSc,1.8,0.7692,0.7197,0.5962,0.3552,0.7877,0.72,0.4162,0.6188,0.5851,0.5986,1,1,0.3,0.3,0.4,0.3,0.5,0.2,0.4,0.6
DS00296,Data_Scientist,Data Scientist,M,22-25,3,MSc,1.1,0.8456,0.7313,0.3833,0.7078,0.8182,0.44,0.7999,0.6974,0.5526,0.6105,1,1,0.3,0.3,0.4,0.3,0.5,0.2,0.4,0.6
DS00297,Data_Scientist,Data Scientist,M,31-35,4,PhD,2.4,0.8408,0.7598,0.666,0.7255,0.9363,0.96,0.7653,0.875,0.706,0.7736,1,2,0.3,0.3,0.4,0.3,0.5,0.2,0.4,0.6
DS00298,Data_Scientist,Data Scientist,F,26-30,3,MSc,6.0,0.8663,0.6803,0.686,0.5574,0.8265,1.0,0.6946,0.8258,0.6586,0.7255,1,2,0.3,0.3,0.4,0.3,0.5,0.2,0.4,0.6
DS00299,Data_Scientist,Data Scientist,M,26-30,3,MSc,3.4,0.7076,0.8872,0.9516,0.6782,0.763,1.0,0.7988,0.8484,0.8776,0.8659,1,3,0.3,0.3,0.4,0.3,0.5,0.2,0.4,0.6
DS00300,Data_Scientist,Data Scientist,F,36-40,2,BSc,4.2,1.0,0.5053,0.7372,0.5961,0.76,1.0,0.4289,0.6996,0.6394,0.6635,0,1,0.3,0.3,0.4,0.3,0.5,0.2,0.4,0.6
DS00301,Data_Scientist,Data Scientist,M,36-40,3,MSc,3.2,0.7065,0.656,0.6229,0.5446,0.7626,1.0,0.778,0.84,0.6172,0.7063,1,2,0.3,0.3,0.4,0.3,0.5,0.2,0.4,0.6
DS00302,Data_Scientist,Data Scientist,M,22-25,2,BSc,2.8,0.5785,0.6512,0.5558,0.6289,0.5914,1.0,0.7252,0.7675,0.599,0.6664,0,1,0.3,0.3,0.4,0.3,0.5,0.2,0.4,0.6
DS00303,Data_Scientist,Data Scientist,F,26-30,2,BSc,3.4,0.4199,0.5534,0.5917,0.5436,0.528,1.0,0.4504,0.6386,0.5706,0.5978,0,1,0.3,0.3,0.4,0.3,0.5,0.2,0.4,0.6
DS00304,Data_Scientist,Data Scientist,F,22-25,2,BSc,5.9,0.8434,0.8212,0.8122,0.5614,0.6974,1.0,0.6426,0.7663,0.7647,0.7653,0,3,0.3,0.3,0.4,0.3,0.5,0.2,0.4,0.6
DS00305,Data_Scientist,Data Scientist,F,22-25,4,PhD,4.3,0.9231,0.7728,0.6827,0.4969,0.9692,1.0,0.6999,0.8707,0.6726,0.7518,1,2,0.3,0.3,0.4,0.3,0.5,0.2,0.4,0.6
DS00306,Data_Scientist,Data Scientist,M,26-30,3,MSc,0.4,0.6326,0.7489,0.6071,0.504,0.7331,0.16,0.6913,0.5445,0.629,0.5952,0,2,0.3,0.3,0.4,0.3,0.5,0.2,0.4,0.6
DS00307,Data_Scientist,Data Scientist,M,31-35,2,BSc,1.0,0.8842,0.6208,0.5927,0.4719,0.7137,0.4,0.5427,0.5512,0.577,0.5667,0,2,0.3,0.3,0.4,0.3,0.5,0.2,0.4,0.6
DS00308,Data_Scientist,Data Scientist,M,26-30,2,BSc,6.5,0.5988,0.8448,0.5984,0.7443,0.5995,1.0,0.6775,0.7509,0.7015,0.7213,0,2,0.3,0.3,0.4,0.3,0.5,0.2,0.4,0.6
DS00309,Data_Scientist,Data Scientist,M,22-25,2,BSc,3.7,0.5346,0.705,0.7575,0.482,0.5738,1.0,0.6797,0.744,0.6866,0.7096,0,2,0.3,0.3,0.4,0.3,0.5,0.2,0.4,0.6
DS00310,Data_Scientist,Data Scientist,F,26-30,2,BSc,5.6,0.6305,0.7892,0.9799,0.6436,0.6122,1.0,0.7558,0.786,0.8554,0.8276,0,3,0.3,0.3,0.4,0.3,0.5,0.2,0.4,0.6
DS00311,Data_Scientist,Data Scientist,M,22-25,3,MSc,4.7,0.7951,0.637,0.7225,0.388,0.798,1.0,0.6596,0.8032,0.6299,0.6992,1,2,0.3,0.3,0.4,0.3,0.5,0.2,0.4,0.6
DS00312,Data_Scientist,Data Scientist,M,26-30,3,MSc,0.0,1.0,0.5434,0.6769,0.4322,0.88,0.0,0.4443,0.4417,0.5879,0.5294,0,2,0.3,0.3,0.4,0.3,0.5,0.2,0.4,0.6
DS00313,Data_Scientist,Data Scientist,F,26-30,3,MSc,3.0,0.9409,0.6778,0.6374,0.7661,0.8564,1.0,0.4413,0.7334,0.6753,0.6985,1,1,0.3,0.3,0.4,0.3,0.5,0.2,0.4,0.6
DS00314,Data_Scientist,Data Scientist,F,31-35,2,BSc,5.3,0.8399,0.5967,0.6817,0.6072,0.6959,1.0,0.5104,0.7129,0.6413,0.6699,0,1,0.3,0.3,0.4,0.3,0.5,0.2,0.4,0.6
DS00315,Data_Scientist,Data Scientist,M,26-30,2,BSc,2.7,0.8376,0.5081,0.4601,0.572,0.6951,1.0,0.5689,0.7361,0.4969,0.5926,0,1,0.3,0.3,0.4,0.3,0.5,0.2,0.4,0.6
DS00316,Data_Scientist,Data Scientist,M,22-25,3,MSc,3.1,0.9959,0.8298,0.6385,0.7188,0.8784,1.0,0.7453,0.8616,0.7119,0.7718,1,1,0.3,0.3,0.4,0.3,0.5,0.2,0.4,0.6
DS00317,Data_Scientist,Data Scientist,M,22-25,2,BSc,3.1,0.9814,0.7752,0.8715,0.7329,0.7526,1.0,0.6745,0.7956,0.8149,0.8072,0,2,0.3,0.3,0.4,0.3,0.5,0.2,0.4,0.6
DS00318,Data_Scientist,Data Scientist,M,26-30,3,MSc,4.4,0.8991,0.6324,0.6527,0.8112,0.8396,1.0,0.759,0.8555,0.6783,0.7492,1,2,0.3,0.3,0.4,0.3,0.5,0.2,0.4,0.6
DS00319,Data_Scientist,Data Scientist,M,36-40,3,MSc,3.5,0.6431,0.7503,0.5431,0.4881,0.7372,1.0,0.5464,0.7397,0.5942,0.6524,1,1,0.3,0.3,0.4,0.3,0.5,0.2,0.4,0.6
DS00320,Data_Scientist,Data Scientist,F,22-25,3,MSc,3.0,0.8267,0.8167,0.6202,0.8103,0.8107,1.0,0.7799,0.8552,0.7172,0.7724,1,2,0.3,0.3,0.4,0.3,0.5,0.2,0.4,0.6
DS00321,Data_Scientist,Data Scientist,M,26-30,3,MSc,7.9,0.4913,0.8094,0.937,0.5772,0.6765,1.0,0.5364,0.7175,0.8268,0.7831,1,2,0.3,0.3,0.4,0.3,0.5,0.2,0.4,0.6
DS00322,Data_Scientist,Data Scientist,F,26-30,3,MSc,2.7,0.7803,0.5385,0.983,0.6706,0.7921,1.0,0.6321,0.7905,0.7872,0.7885,1,2,0.3,0.3,0.4,0.3,0.5,0.2,0.4,0.6
DS00323,Data_Scientist,Data Scientist,F,31-35,3,MSc,2.8,0.7406,0.9135,0.7599,0.7334,0.7762,1.0,0.697,0.8117,0.8007,0.8051,1,3,0.3,0.3,0.4,0.3,0.5,0.2,0.4,0.6
DS00324,Data_Scientist,Data Scientist,F,40+,3,MSc,5.1,0.6785,0.7303,0.6083,0.9712,0.7514,1.0,0.6725,0.7944,0.7175,0.7483,1,2,0.3,0.3,0.4,0.3,0.5,0.2,0.4,0.6
DS00325,Data_Scientist,Data Scientist,M,26-30,3,MSc,5.1,0.9388,0.5726,0.7057,0.8564,0.8555,1.0,0.6626,0.8217,0.6959,0.7462,1,2,0.3,0.3,0.4,0.3,0.5,0.2,0.4,0.6
DS00326,Data_Scientist,Data Scientist,M,31-35,3,MSc,5.3,0.7514,0.751,0.815,0.7408,0.7806,1.0,0.6351,0.7882,0.7809,0.7838,1,2,0.3,0.3,0.4,0.3,0.5,0.2,0.4,0.6
DS00327,Data_Scientist,Data Scientist,F,40+,2,BSc,2.2,0.7987,0.6738,0.8118,0.3768,0.6795,0.88,0.7047,0.7497,0.6834,0.7099,0,3,0.3,0.3,0.4,0.3,0.5,0.2,0.4,0.6
DS00328,Data_Scientist,Data Scientist,M,31-35,4,PhD,3.7,0.7207,0.8529,0.7037,0.5436,0.8883,1.0,0.6671,0.8333,0.7164,0.7632,1,1,0.3,0.3,0.4,0.3,0.5,0.2,0.4,0.6
DS00329,Data_Scientist,Data Scientist,M,22-25,4,PhD,5.0,0.8153,0.8681,0.683,0.6012,0.9261,1.0,0.7728,0.887,0.7222,0.7881,1,2,0.3,0.3,0.4,0.3,0.5,0.2,0.4,0.6
DS00330,Data_Scientist,Data Scientist,M,22-25,2,BSc,1.9,0.7769,0.6005,0.6672,0.7717,0.6707,0.76,0.5467,0.6479,0.6681,0.66,0,2,0.3,0.3,0.4,0.3,0.5,0.2,0.4,0.6
DS00331,Data_Scientist,Data Scientist,M,26-30,3,MSc,4.9,0.8247,0.7461,0.8239,0.5139,0.8099,1.0,0.5993,0.7827,0.7385,0.7562,1,2,0.3,0.3,0.4,0.3,0.5,0.2,0.4,0.6
DS00332,Data_Scientist,Data Scientist,M,31-35,3,MSc,2.5,0.8197,0.8514,0.6735,0.601,0.8079,1.0,0.7295,0.8342,0.7123,0.7611,1,2,0.3,0.3,0.4,0.3,0.5,0.2,0.4,0.6
DS00333,Data_Scientist,Data Scientist,M,26-30,4,PhD,5.7,0.7622,0.9376,0.5129,0.6034,0.9049,1.0,0.594,0.8091,0.6584,0.7187,1,2,0.3,0.3,0.4,0.3,0.5,0.2,0.4,0.6
DS00334,Data_Scientist,Data Scientist,F,31-35,3,MSc,1.7,0.7898,0.6393,0.8441,0.5046,0.7959,0.68,0.5199,0.6507,0.7148,0.6892,1,2,0.3,0.3,0.4,0.3,0.5,0.2,0.4,0.6
DS00335,Data_Scientist,Data Scientist,F,31-35,4,PhD,1.0,0.9455,0.5785,0.5993,0.3112,0.9782,0.4,0.5226,0.6225,0.5355,0.5703,1,2,0.3,0.3,0.4,0.3,0.5,0.2,0.4,0.6
DS00336,Data_Scientist,Data Scientist,M,26-30,3,MSc,0.7,0.69,0.5711,0.6854,0.6284,0.756,0.28,0.5229,0.52,0.6397,0.5918,0,2,0.3,0.3,0.4,0.3,0.5,0.2,0.4,0.6
DS00337,Data_Scientist,Data Scientist,F,22-25,3,MSc,2.3,1.0,0.98,0.8311,0.6356,0.88,0.92,0.5511,0.7605,0.8367,0.8062,1,2,0.3,0.3,0.4,0.3,0.5,0.2,0.4,0.6
DS00338,Data_Scientist,Data Scientist,M,31-35,2,BSc,0.9,0.7166,0.6964,0.6533,0.6361,0.6466,0.36,0.7003,0.5821,0.6628,0.6305,0,2,0.3,0.3,0.4,0.3,0.5,0.2,0.4,0.6
DS00339,Data_Scientist,Data Scientist,M,31-35,2,BSc,0.0,0.8381,0.7751,0.521,0.2297,0.6953,0.0,0.5031,0.4098,0.539,0.4873,0,1,0.3,0.3,0.4,0.3,0.5,0.2,0.4,0.6
DS00340,Data_Scientist,Data Scientist,F,22-25,4,PhD,0.8,0.742,0.5587,0.6071,0.3554,0.8968,0.32,0.4375,0.54,0.5423,0.5414,0,0,0.3,0.3,0.4,0.3,0.5,0.2,0.4,0.6
DS00341,Data_Scientist,Data Scientist,M,36-40,2,BSc,6.0,0.8461,0.7324,0.788,0.7107,0.6985,1.0,0.7015,0.7902,0.7559,0.7696,0,3,0.3,0.3,0.4,0.3,0.5,0.2,0.4,0.6
DS00342,Data_Scientist,Data Scientist,M,26-30,1,Diploma,3.0,0.656,0.6556,0.7762,0.6899,0.5024,1.0,0.4693,0.6384,0.7227,0.689,0,2,0.3,0.3,0.4,0.3,0.5,0.2,0.4,0.6
DS00343,Data_Scientist,Data Scientist,M,40+,4,PhD,4.1,0.9139,0.742,0.7918,0.4626,0.9656,1.0,0.7732,0.899,0.711,0.7862,1,3,0.3,0.3,0.4,0.3,0.5,0.2,0.4,0.6
DS00344,Data_Scientist,Data Scientist,M,36-40,2,BSc,4.1,0.5422,0.8315,0.6825,0.8176,0.5769,1.0,0.683,0.7463,0.7542,0.751,0,2,0.3,0.3,0.4,0.3,0.5,0.2,0.4,0.6
DS00345,Data_Scientist,Data Scientist,F,26-30,3,MSc,0.0,0.615,0.8438,0.4478,0.4152,0.726,0.0,0.5819,0.4506,0.5601,0.5163,0,2,0.3,0.3,0.4,0.3,0.5,0.2,0.4,0.6
DS00346,Data_Scientist,Data Scientist,M,26-30,2,BSc,4.3,0.6182,0.7971,0.8434,0.6674,0.6073,1.0,0.7485,0.7816,0.7943,0.7892,0,3,0.3,0.3,0.4,0.3,0.5,0.2,0.4,0.6
DS00347,Data_Scientist,Data Scientist,F,31-35,3,MSc,1.8,0.6885,0.6634,0.6134,0.5891,0.7554,0.72,0.5203,0.6507,0.6235,0.6344,1,2,0.3,0.3,0.4,0.3,0.5,0.2,0.4,0.6
DS00348,Data_Scientist,Data Scientist,M,31-35,3,MSc,3.7,0.7267,0.8484,0.5671,0.6988,0.7707,1.0,0.5623,0.7561,0.6778,0.7091,1,2,0.3,0.3,0.4,0.3,0.5,0.2,0.4,0.6
DS00349,Data_Scientist,Data Scientist,M,22-25,3,MSc,4.1,0.8237,0.582,0.6248,0.7951,0.8095,1.0,0.8067,0.8655,0.646,0.7338,1,1,0.3,0.3,0.4,0.3,0.5,0.2,0.4,0.6
DS00350,Data_Scientist,Data Scientist,M,40+,3,MSc,1.5,0.8812,0.5257,0.5115,0.5016,0.8325,0.6,0.6043,0.6715,0.5138,0.5769,1,1,0.3,0.3,0.4,0.3,0.5,0.2,0.4,0.6
DS00351,Data_Scientist,Data Scientist,M,22-25,3,MSc,1.7,0.7775,0.6888,0.654,0.5007,0.791,0.68,0.5022,0.6422,0.6338,0.6372,1,1,0.3,0.3,0.4,0.3,0.5,0.2,0.4,0.6
DS00352,Data_Scientist,Data Scientist,F,22-25,4,PhD,5.9,0.8066,0.9052,0.724,1.0,0.9226,1.0,0.9147,0.9427,0.8335,0.8772,1,2,0.3,0.3,0.4,0.3,0.5,0.2,0.4,0.6
DS00353,Data_Scientist,Data Scientist,M,22-25,2,BSc,5.2,1.0,0.6697,0.7937,0.6231,0.76,1.0,0.5739,0.7576,0.7224,0.7365,0,2,0.3,0.3,0.4,0.3,0.5,0.2,0.4,0.6
DS00354,Data_Scientist,Data Scientist,M,31-35,3,MSc,3.7,0.9897,0.7992,0.6368,0.6714,0.8759,1.0,0.6005,0.803,0.6925,0.7367,1,2,0.3,0.3,0.4,0.3,0.5,0.2,0.4,0.6
DS00355,Data_Scientist,Data Scientist,M,22-25,3,MSc,0.6,0.7182,0.6792,0.629,0.7103,0.7673,0.24,0.6134,0.5475,0.6603,0.6152,0,2,0.3,0.3,0.4,0.3,0.5,0.2,0.4,0.6
DS00356,Data_Scientist,Data Scientist,F,26-30,3,MSc,0.0,0.6469,0.5585,0.3354,0.4077,0.7388,0.0,0.1874,0.2966,0.4168,0.3687,0,0,0.3,0.3,0.4,0.3,0.5,0.2,0.4,0.6
DS00357,Data_Scientist,Data Scientist,M,22-25,2,BSc,7.4,0.5955,0.8438,0.5259,0.6679,0.5982,1.0,0.7857,0.7937,0.6497,0.7073,0,1,0.3,0.3,0.4,0.3,0.5,0.2,0.4,0.6
DS00358,Data_Scientist,Data Scientist,M,31-35,3,MSc,3.1,0.7543,0.7465,0.731,0.6573,0.7817,1.0,0.453,0.7157,0.7209,0.7188,1,1,0.3,0.3,0.4,0.3,0.5,0.2,0.4,0.6
DS00359,Data_Scientist,Data Scientist,M,22-25,3,MSc,2.4,0.6546,0.6193,0.6885,0.4735,0.7419,0.96,0.503,0.7118,0.6247,0.6595,1,1,0.3,0.3,0.4,0.3,0.5,0.2,0.4,0.6
DS00360,Data_Scientist,Data Scientist,M,22-25,3,MSc,3.9,0.6412,0.7275,0.5107,0.7667,0.7365,1.0,0.6546,0.7828,0.6269,0.6893,1,1,0.3,0.3,0.4,0.3,0.5,0.2,0.4,0.6
DS00361,Data_Scientist,Data Scientist,M,22-25,3,MSc,7.1,0.8359,0.7629,0.7683,0.4794,0.8144,1.0,0.6343,0.798,0.7089,0.7445,1,2,0.3,0.3,0.4,0.3,0.5,0.2,0.4,0.6
DS00362,Data_Scientist,Data Scientist,M,36-40,3,MSc,4.2,0.9668,0.7991,0.609,0.7162,0.8667,1.0,0.5643,0.7857,0.6875,0.7268,1,1,0.3,0.3,0.4,0.3,0.5,0.2,0.4,0.6
DS00363,Data_Scientist,Data Scientist,M,22-25,3,MSc,1.2,0.6553,0.7014,0.6376,0.5578,0.7421,0.48,0.6673,0.6335,0.6408,0.6379,1,2,0.3,0.3,0.4,0.3,0.5,0.2,0.4,0.6
DS00364,Data_Scientist,Data Scientist,M,36-40,2,BSc,5.8,0.9128,0.7175,0.4579,0.595,0.7251,1.0,0.6963,0.796,0.5632,0.6563,0,1,0.3,0.3,0.4,0.3,0.5,0.2,0.4,0.6
DS00365,Data_Scientist,Data Scientist,M,26-30,3,MSc,4.2,0.7729,0.7569,0.7201,0.8692,0.7892,1.0,0.9268,0.9075,0.761,0.8196,1,2,0.3,0.3,0.4,0.3,0.5,0.2,0.4,0.6
DS00366,Data_Scientist,Data Scientist,M,26-30,3,MSc,1.7,0.7576,0.6928,0.5637,0.532,0.7831,0.68,0.4763,0.6295,0.5961,0.6095,1,1,0.3,0.3,0.4,0.3,0.5,0.2,0.4,0.6
DS00367,Data_Scientist,Data Scientist,M,31-35,3,MSc,2.7,0.7616,0.7116,0.7032,0.6242,0.7846,1.0,0.5937,0.7729,0.6899,0.7231,1,2,0.3,0.3,0.4,0.3,0.5,0.2,0.4,0.6
DS00368,Data_Scientist,Data Scientist,M,36-40,2,BSc,4.1,1.0,0.6077,0.5226,0.6372,0.76,1.0,0.4264,0.6985,0.5711,0.6221,0,1,0.3,0.3,0.4,0.3,0.5,0.2,0.4,0.6
DS00369,Data_Scientist,Data Scientist,M,22-25,4,PhD,2.5,0.6025,0.575,0.7031,0.701,0.841,1.0,0.6439,0.8098,0.6643,0.7225,1,2,0.3,0.3,0.4,0.3,0.5,0.2,0.4,0.6
DS00370,Data_Scientist,Data Scientist,M,22-25,3,MSc,4.4,0.7038,0.5415,0.7958,0.5781,0.7615,1.0,0.5915,0.765,0.6759,0.7115,1,2,0.3,0.3,0.4,0.3,0.5,0.2,0.4,0.6
DS00371,Data_Scientist,Data Scientist,M,26-30,2,BSc,4.6,0.7893,0.3802,0.6846,0.7148,0.6757,1.0,0.5589,0.7263,0.5993,0.6501,0,2,0.3,0.3,0.4,0.3,0.5,0.2,0.4,0.6
DS00372,Data_Scientist,Data Scientist,M,26-30,3,MSc,2.0,0.7641,0.804,0.6474,0.4555,0.7856,0.8,0.5388,0.6912,0.656,0.6701,1,2,0.3,0.3,0.4,0.3,0.5,0.2,0.4,0.6
DS00373,Data_Scientist,Data Scientist,F,36-40,4,PhD,5.8,0.7489,0.6339,0.5986,0.9244,0.8996,1.0,0.8676,0.9169,0.6743,0.7713,1,2,0.3,0.3,0.4,0.3,0.5,0.2,0.4,0.6
DS00374,Data_Scientist,Data Scientist,F,26-30,3,MSc,3.5,0.7996,0.5755,0.745,0.7059,0.7998,1.0,0.6405,0.7961,0.6863,0.7302,1,2,0.3,0.3,0.4,0.3,0.5,0.2,0.4,0.6
DS00375,Data_Scientist,Data Scientist,F,31-35,2,BSc,2.9,0.7136,0.803,0.6432,0.6717,0.6455,1.0,0.8377,0.8287,0.6969,0.7496,0,1,0.3,0.3,0.4,0.3,0.5,0.2,0.4,0.6
DS00376,Data_Scientist,Data Scientist,F,26-30,3,MSc,0.0,0.9532,0.5856,0.5119,0.4417,0.8613,0.0,0.4992,0.4581,0.52,0.4952,0,0,0.3,0.3,0.4,0.3,0.5,0.2,0.4,0.6
DS00377,Data_Scientist,Data Scientist,F,22-25,2,BSc,7.0,0.9492,0.6595,0.6961,0.8132,0.7397,1.0,0.7163,0.8084,0.7085,0.7485,0,2,0.3,0.3,0.4,0.3,0.5,0.2,0.4,0.6
DS00378,Data_Scientist,Data Scientist,M,36-40,4,PhD,2.5,0.8436,0.5837,0.6817,0.498,0.9374,1.0,0.8283,0.9125,0.6156,0.7344,1,2,0.3,0.3,0.4,0.3,0.5,0.2,0.4,0.6
DS00379,Data_Scientist,Data Scientist,F,26-30,3,MSc,2.6,0.9081,0.7164,0.6699,0.4982,0.8432,1.0,0.5854,0.7871,0.6495,0.7045,1,2,0.3,0.3,0.4,0.3,0.5,0.2,0.4,0.6
DS00380,Data_Scientist,Data Scientist,M,36-40,3,MSc,3.5,0.5212,0.5747,0.7343,0.6456,0.6885,1.0,0.3886,0.662,0.6687,0.666,1,2,0.3,0.3,0.4,0.3,0.5,0.2,0.4,0.6
DS00381,Data_Scientist,Data Scientist,F,40+,2,BSc,2.0,0.9651,0.8536,0.4186,0.5113,0.746,0.8,0.5353,0.6779,0.5676,0.6117,0,1,0.3,0.3,0.4,0.3,0.5,0.2,0.4,0.6
DS00382,Data_Scientist,Data Scientist,M,22-25,3,MSc,10.3,0.8747,0.6249,0.5745,0.6155,0.8299,1.0,0.7149,0.8349,0.5978,0.6926,1,1,0.3,0.3,0.4,0.3,0.5,0.2,0.4,0.6
DS00383,Data_Scientist,Data Scientist,F,26-30,3,MSc,4.2,0.8352,0.6555,0.4993,0.5858,0.8141,1.0,0.6965,0.8228,0.5635,0.6672,1,1,0.3,0.3,0.4,0.3,0.5,0.2,0.4,0.6
DS00384,Data_Scientist,Data Scientist,M,26-30,3,MSc,5.2,0.6305,0.7686,0.5216,0.7794,0.7322,1.0,0.5779,0.7508,0.6473,0.6887,1,1,0.3,0.3,0.4,0.3,0.5,0.2,0.4,0.6
DS00385,Data_Scientist,Data Scientist,M,22-25,2,BSc,4.1,0.6094,0.5526,0.4887,0.7173,0.6037,1.0,0.623,0.7303,0.5536,0.6243,0,1,0.3,0.3,0.4,0.3,0.5,0.2,0.4,0.6
DS00386,Data_Scientist,Data Scientist,M,22-25,2,BSc,1.8,0.909,0.7872,0.7046,0.1562,0.7236,0.72,0.526,0.6435,0.6197,0.6292,0,2,0.3,0.3,0.4,0.3,0.5,0.2,0.4,0.6
DS00387,Data_Scientist,Data Scientist,F,22-25,2,BSc,0.0,0.8368,0.6441,0.9211,0.5606,0.6947,0.0,0.768,0.5156,0.7659,0.6658,0,3,0.3,0.3,0.4,0.3,0.5,0.2,0.4,0.6
DS00388,Data_Scientist,Data Scientist,M,31-35,3,MSc,7.4,0.8328,0.8261,0.954,0.6648,0.8131,1.0,0.6895,0.8197,0.8578,0.8426,1,3,0.3,0.3,0.4,0.3,0.5,0.2,0.4,0.6
DS00389,Data_Scientist,Data Scientist,F,22-25,4,PhD,3.8,0.7272,0.5982,0.6487,0.4699,0.8909,1.0,0.4553,0.7494,0.5978,0.6584,1,1,0.3,0.3,0.4,0.3,0.5,0.2,0.4,0.6
DS00390,Data_Scientist,Data Scientist,M,22-25,3,MSc,5.2,0.8877,0.7937,0.6187,0.5995,0.8351,1.0,0.6455,0.8087,0.6674,0.7239,1,2,0.3,0.3,0.4,0.3,0.5,0.2,0.4,0.6
DS00391,Data_Scientist,Data Scientist,M,26-30,3,MSc,6.5,0.8509,0.6917,0.6765,0.7761,0.8204,1.0,0.5777,0.7772,0.701,0.7315,1,2,0.3,0.3,0.4,0.3,0.5,0.2,0.4,0.6
DS00392,Data_Scientist,Data Scientist,F,22-25,4,PhD,3.2,0.7759,0.7287,0.654,0.7853,0.9104,1.0,0.6708,0.8414,0.7027,0.7582,1,2,0.3,0.3,0.4,0.3,0.5,0.2,0.4,0.6
DS00393,Data_Scientist,Data Scientist,F,26-30,3,MSc,2.5,0.8935,0.7003,0.6319,0.7784,0.8374,1.0,0.7008,0.8316,0.6817,0.7417,1,2,0.3,0.3,0.4,0.3,0.5,0.2,0.4,0.6
DS00394,Data_Scientist,Data Scientist,F,26-30,3,MSc,0.0,0.8265,0.7033,0.6353,0.673,0.8106,0.0,0.5188,0.4507,0.6632,0.5782,0,2,0.3,0.3,0.4,0.3,0.5,0.2,0.4,0.6
DS00395,Data_Scientist,Data Scientist,M,22-25,4,PhD,4.4,1.0,0.7391,0.5184,0.6235,1.0,1.0,0.5934,0.8374,0.6056,0.6983,1,2,0.3,0.3,0.4,0.3,0.5,0.2,0.4,0.6
DS00396,Data_Scientist,Data Scientist,M,31-35,4,PhD,0.9,0.749,0.7922,0.711,0.6515,0.8996,0.36,0.7233,0.6672,0.7235,0.701,0,2,0.3,0.3,0.4,0.3,0.5,0.2,0.4,0.6
DS00397,Data_Scientist,Data Scientist,M,31-35,2,BSc,1.2,0.5259,0.6878,0.5722,0.4252,0.5704,0.48,0.6457,0.5734,0.5775,0.5759,0,1,0.3,0.3,0.4,0.3,0.5,0.2,0.4,0.6
DS00398,Data_Scientist,Data Scientist,M,31-35,4,PhD,3.7,0.8529,0.8698,0.7099,0.4629,0.9412,1.0,0.6851,0.8564,0.7085,0.7677,1,2,0.3,0.3,0.4,0.3,0.5,0.2,0.4,0.6
DS00399,Data_Scientist,Data Scientist,M,31-35,2,BSc,0.7,0.558,0.7073,0.6826,0.6239,0.5832,0.28,0.5339,0.4725,0.6783,0.596,0,2,0.3,0.3,0.4,0.3,0.5,0.2,0.4,0.6
DS00400,Data_Scientist,Data Scientist,M,26-30,4,PhD,4.9,0.8047,0.8743,0.8086,0.6706,0.9219,1.0,0.7261,0.867,0.8007,0.8272,1,3,0.3,0.3,0.4,0.3,0.5,0.2,0.4,0.6
DS00401,Data_Scientist,Data Scientist,M,26-30,3,MSc,1.2,1.0,0.6362,0.7809,0.5043,0.88,0.48,0.8423,0.7449,0.6822,0.7073,1,3,0.3,0.3,0.4,0.3,0.5,0.2,0.4,0.6
DS00402,Data_Scientist,Data Scientist,M,36-40,2,BSc,2.4,0.6786,0.7695,0.5731,0.4664,0.6314,0.96,0.6105,0.7216,0.6107,0.6551,0,1,0.3,0.3,0.4,0.3,0.5,0.2,0.4,0.6
DS00403,Data_Scientist,Data Scientist,M,40+,2,BSc,2.6,0.9825,0.468,0.7252,0.4382,0.753,1.0,0.532,0.7387,0.5906,0.6498,0,3,0.3,0.3,0.4,0.3,0.5,0.2,0.4,0.6
DS00404,Data_Scientist,Data Scientist,M,40+,2,BSc,3.8,0.7773,0.7234,0.5783,0.7898,0.6709,1.0,0.6011,0.7417,0.6641,0.6951,0,2,0.3,0.3,0.4,0.3,0.5,0.2,0.4,0.6
DS00405,Data_Scientist,Data Scientist,M,26-30,2,BSc,7.0,0.9248,0.8138,0.8503,0.6499,0.7299,1.0,0.9129,0.8841,0.7993,0.8332,0,3,0.3,0.3,0.4,0.3,0.5,0.2,0.4,0.6
DS00406,Data_Scientist,Data Scientist,M,40+,3,MSc,1.7,0.6925,0.729,0.7096,0.5304,0.757,0.68,0.4658,0.6174,0.6795,0.6547,1,1,0.3,0.3,0.4,0.3,0.5,0.2,0.4,0.6
DS00407,Data_Scientist,Data Scientist,F,26-30,3,MSc,0.9,0.7551,0.7781,0.6086,0.5707,0.7821,0.36,0.4143,0.5084,0.6519,0.5945,0,1,0.3,0.3,0.4,0.3,0.5,0.2,0.4,0.6
DS00408,Data_Scientist,Data Scientist,F,26-30,2,BSc,3.3,0.9653,0.587,0.6958,0.494,0.7461,1.0,0.515,0.7298,0.6228,0.6656,0,0,0.3,0.3,0.4,0.3,0.5,0.2,0.4,0.6
DS00409,Data_Scientist,Data Scientist,M,26-30,3,MSc,5.5,0.8095,0.8213,0.7226,0.6377,0.8038,1.0,0.6567,0.8038,0.7352,0.7626,1,2,0.3,0.3,0.4,0.3,0.5,0.2,0.4,0.6
DS00410,Data_Scientist,Data Scientist,F,26-30,3,MSc,4.3,0.6422,0.6592,0.8699,0.5404,0.7369,1.0,0.7185,0.8085,0.7408,0.7679,1,3,0.3,0.3,0.4,0.3,0.5,0.2,0.4,0.6
DS00411,Data_Scientist,Data Scientist,M,26-30,3,MSc,4.9,0.6913,0.9363,0.7243,0.4228,0.7565,1.0,0.8056,0.8492,0.7276,0.7762,1,2,0.3,0.3,0.4,0.3,0.5,0.2,0.4,0.6
DS00412,Data_Scientist,Data Scientist,F,26-30,3,MSc,0.8,0.7372,0.6439,0.5636,0.661,0.7749,0.32,0.7058,0.6108,0.6072,0.6086,0,1,0.3,0.3,0.4,0.3,0.5,0.2,0.4,0.6
DS00413,Data_Scientist,Data Scientist,F,26-30,4,PhD,5.6,0.9446,0.7326,0.908,0.6802,0.9778,1.0,0.8499,0.9333,0.8098,0.8592,1,2,0.3,0.3,0.4,0.3,0.5,0.2,0.4,0.6
DS00414,Data_Scientist,Data Scientist,M,22-25,3,MSc,0.0,0.6323,0.6947,0.6883,0.4501,0.7329,0.0,0.5251,0.4299,0.6426,0.5575,0,2,0.3,0.3,0.4,0.3,0.5,0.2,0.4,0.6
DS00415,Data_Scientist,Data Scientist,M,40+,4,PhD,3.0,0.7392,0.725,0.921,0.8259,0.8957,1.0,0.8135,0.8941,0.8432,0.8636,1,3,0.3,0.3,0.4,0.3,0.5,0.2,0.4,0.6
DS00416,Data_Scientist,Data Scientist,F,22-25,4,PhD,4.8,1.0,0.8254,0.6955,0.5164,1.0,1.0,0.7358,0.8943,0.6987,0.7769,1,2,0.3,0.3,0.4,0.3,0.5,0.2,0.4,0.6
DS00417,Data_Scientist,Data Scientist,M,22-25,4,PhD,4.3,0.7072,0.7299,0.507,0.6667,0.8829,1.0,0.631,0.8173,0.6058,0.6904,1,1,0.3,0.3,0.4,0.3,0.5,0.2,0.4,0.6
DS00418,Data_Scientist,Data Scientist,M,26-30,2,BSc,4.6,0.7511,0.7301,0.6865,0.9474,0.6604,1.0,0.7332,0.7914,0.7517,0.7676,0,2,0.3,0.3,0.4,0.3,0.5,0.2,0.4,0.6
DS00419,Data_Scientist,Data Scientist,F,26-30,4,PhD,2.1,0.755,0.8507,0.6562,0.5254,0.902,0.84,0.674,0.7922,0.6884,0.7299,1,2,0.3,0.3,0.4,0.3,0.5,0.2,0.4,0.6
DS00420,Data_Scientist,Data Scientist,M,31-35,3,MSc,4.4,0.5389,0.7268,0.7266,0.7779,0.6956,1.0,0.5655,0.7349,0.7369,0.7361,1,2,0.3,0.3,0.4,0.3,0.5,0.2,0.4,0.6
DS00421,Data_Scientist,Data Scientist,F,26-30,2,BSc,1.8,0.7519,0.8305,0.5522,0.5337,0.6608,0.72,0.5834,0.6476,0.632,0.6382,0,1,0.3,0.3,0.4,0.3,0.5,0.2,0.4,0.6
DS00422,Data_Scientist,Data Scientist,F,26-30,2,BSc,3.0,0.828,0.5214,0.6308,0.63,0.6912,1.0,0.8117,0.832,0.5978,0.6915,0,2,0.3,0.3,0.4,0.3,0.5,0.2,0.4,0.6
DS00423,Data_Scientist,Data Scientist,M,31-35,3,MSc,2.9,0.7994,0.6759,0.8406,0.4315,0.7998,1.0,0.7236,0.8294,0.7094,0.7574,1,3,0.3,0.3,0.4,0.3,0.5,0.2,0.4,0.6
DS00424,Data_Scientist,Data Scientist,M,22-25,2,BSc,2.7,0.6433,0.8016,0.8042,0.8242,0.6173,1.0,0.8923,0.8421,0.8074,0.8213,0,2,0.3,0.3,0.4,0.3,0.5,0.2,0.4,0.6
DS00425,Data_Scientist,Data Scientist,F,26-30,3,MSc,5.8,0.7399,0.7368,0.9985,0.6304,0.776,1.0,0.544,0.7504,0.8464,0.808,1,2,0.3,0.3,0.4,0.3,0.5,0.2,0.4,0.6
DS00426,Data_Scientist,Data Scientist,M,31-35,3,MSc,1.9,0.877,0.8054,0.7444,0.592,0.8308,0.76,0.568,0.7044,0.7322,0.7211,1,2,0.3,0.3,0.4,0.3,0.5,0.2,0.4,0.6
DS00427,Data_Scientist,Data Scientist,F,26-30,2,BSc,2.8,0.9551,0.6497,0.4958,0.723,0.7421,1.0,0.5899,0.7586,0.5874,0.6559,0,1,0.3,0.3,0.4,0.3,0.5,0.2,0.4,0.6
DS00428,Data_Scientist,Data Scientist,M,26-30,3,MSc,4.5,0.6938,0.6934,0.8959,0.7367,0.7575,1.0,0.848,0.8665,0.8033,0.8286,1,3,0.3,0.3,0.4,0.3,0.5,0.2,0.4,0.6
DS00429,Data_Scientist,Data Scientist,M,26-30,3,MSc,5.1,0.7385,0.6818,0.9333,0.7747,0.7754,1.0,0.6349,0.7866,0.8261,0.8103,1,2,0.3,0.3,0.4,0.3,0.5,0.2,0.4,0.6
DS00430,Data_Scientist,Data Scientist,M,26-30,4,PhD,5.1,0.6456,0.9026,0.7275,0.6921,0.8582,1.0,0.6593,0.8212,0.773,0.7923,1,2,0.3,0.3,0.4,0.3,0.5,0.2,0.4,0.6
DS00431,Data_Scientist,Data Scientist,M,26-30,3,MSc,5.4,0.8131,0.5703,0.8212,0.7895,0.8052,1.0,0.5076,0.7446,0.7396,0.7416,1,2,0.3,0.3,0.4,0.3,0.5,0.2,0.4,0.6
DS00432,Data_Scientist,Data Scientist,F,36-40,3,MSc,2.8,0.9063,0.754,0.7144,0.4008,0.8425,1.0,0.6449,0.8107,0.6636,0.7224,1,3,0.3,0.3,0.4,0.3,0.5,0.2,0.4,0.6
DS00433,Data_Scientist,Data Scientist,M,22-25,3,MSc,2.8,0.761,0.7544,0.7051,0.7081,0.7844,1.0,0.6378,0.7904,0.7205,0.7485,1,2,0.3,0.3,0.4,0.3,0.5,0.2,0.4,0.6
DS00434,Data_Scientist,Data Scientist,M,26-30,3,MSc,4.5,0.8082,0.7193,0.718,0.7886,0.8033,1.0,0.7176,0.828,0.7326,0.7708,1,2,0.3,0.3,0.4,0.3,0.5,0.2,0.4,0.6
DS00435,Data_Scientist,Data Scientist,M,26-30,2,BSc,6.0,0.7334,0.7818,0.7817,0.7796,0.6534,1.0,0.7498,0.7959,0.7813,0.7871,0,3,0.3,0.3,0.4,0.3,0.5,0.2,0.4,0.6
DS00436,Data_Scientist,Data Scientist,M,36-40,3,MSc,7.0,0.8729,0.7755,0.9513,0.617,0.8292,1.0,0.7286,0.8402,0.8317,0.8351,1,3,0.3,0.3,0.4,0.3,0.5,0.2,0.4,0.6
DS00437,Data_Scientist,Data Scientist,M,26-30,3,MSc,4.2,0.6567,0.5812,0.848,0.7904,0.7427,1.0,0.7787,0.8343,0.7564,0.7876,1,2,0.3,0.3,0.4,0.3,0.5,0.2,0.4,0.6
DS00438,Data_Scientist,Data Scientist,M,36-40,3,MSc,3.2,0.7272,0.9067,0.8216,0.7017,0.7709,1.0,1.0,0.9313,0.8231,0.8664,1,3,0.3,0.3,0.4,0.3,0.5,0.2,0.4,0.6
DS00439,Data_Scientist,Data Scientist,M,22-25,2,BSc,0.0,0.8651,0.5872,0.4177,0.2738,0.7061,0.0,0.4501,0.3919,0.4397,0.4206,0,1,0.3,0.3,0.4,0.3,0.5,0.2,0.4,0.6
DS00440,Data_Scientist,Data Scientist,F,31-35,3,MSc,3.8,0.9039,0.7125,0.7417,0.6737,0.8416,1.0,0.8861,0.9069,0.7193,0.7943,1,2,0.3,0.3,0.4,0.3,0.5,0.2,0.4,0.6
DS00441,Data_Scientist,Data Scientist,M,26-30,3,MSc,4.6,0.8879,0.7718,0.8799,0.5632,0.8352,1.0,0.6961,0.829,0.7842,0.8021,1,3,0.3,0.3,0.4,0.3,0.5,0.2,0.4,0.6
DS00442,Data_Scientist,Data Scientist,M,31-35,3,MSc,5.4,0.5987,0.7327,0.682,0.5718,0.7195,1.0,0.5295,0.7276,0.6752,0.6962,1,2,0.3,0.3,0.4,0.3,0.5,0.2,0.4,0.6
DS00443,Data_Scientist,Data Scientist,M,36-40,4,PhD,6.8,0.8359,0.7789,0.7692,0.642,0.9344,1.0,0.9281,0.9515,0.7467,0.8286,1,3,0.3,0.3,0.4,0.3,0.5,0.2,0.4,0.6
DS00444,Data_Scientist,Data Scientist,F,22-25,3,MSc,2.8,0.9399,0.7265,0.6073,0.7701,0.856,1.0,0.7589,0.8603,0.6756,0.7495,1,2,0.3,0.3,0.4,0.3,0.5,0.2,0.4,0.6
DS00445,Data_Scientist,Data Scientist,M,31-35,3,MSc,2.5,0.6569,0.7745,0.6145,0.8675,0.7427,1.0,0.6499,0.7828,0.7131,0.741,1,2,0.3,0.3,0.4,0.3,0.5,0.2,0.4,0.6
DS00446,Data_Scientist,Data Scientist,M,36-40,4,PhD,3.6,0.7714,0.5183,0.5885,0.7182,0.9086,1.0,0.533,0.7858,0.5934,0.6704,1,2,0.3,0.3,0.4,0.3,0.5,0.2,0.4,0.6
DS00447,Data_Scientist,Data Scientist,F,22-25,3,MSc,1.2,0.8935,0.6771,0.5532,0.7403,0.8374,0.48,0.7005,0.6754,0.6278,0.6468,1,1,0.3,0.3,0.4,0.3,0.5,0.2,0.4,0.6
DS00448,Data_Scientist,Data Scientist,M,22-25,2,BSc,1.8,0.7458,0.7555,0.6521,0.6127,0.6583,0.72,0.6225,0.6625,0.6752,0.6701,0,2,0.3,0.3,0.4,0.3,0.5,0.2,0.4,0.6
DS00449,Data_Scientist,Data Scientist,F,26-30,3,MSc,3.6,0.7982,0.8566,0.5909,0.8156,0.7993,1.0,0.8476,0.8788,0.7155,0.7808,1,2,0.3,0.3,0.4,0.3,0.5,0.2,0.4,0.6
DS00450,Data_Scientist,Data Scientist,F,31-35,2,BSc,4.5,0.5757,0.603,0.623,0.737,0.5903,1.0,0.5721,0.7059,0.6398,0.6662,0,1,0.3,0.3,0.4,0.3,0.5,0.2,0.4,0.6
DS00451,Data_Scientist,Data Scientist,M,40+,2,BSc,6.5,0.5309,0.7267,0.7686,0.7101,0.5724,1.0,0.703,0.7529,0.7443,0.7477,0,3,0.3,0.3,0.4,0.3,0.5,0.2,0.4,0.6
DS00452,Data_Scientist,Data Scientist,M,22-25,3,MSc,4.4,0.6762,0.7114,0.6301,0.7214,0.7505,1.0,0.6107,0.7694,0.6727,0.7114,1,2,0.3,0.3,0.4,0.3,0.5,0.2,0.4,0.6
DS00453,Data_Scientist,Data Scientist,M,31-35,3,MSc,2.1,0.7664,0.6961,0.6646,0.7388,0.7866,0.84,0.7759,0.7983,0.6889,0.7327,1,3,0.3,0.3,0.4,0.3,0.5,0.2,0.4,0.6
DS00454,Data_Scientist,Data Scientist,M,31-35,4,PhD,2.6,0.578,0.8798,0.7103,0.5251,0.8312,1.0,0.7086,0.8328,0.7241,0.7676,1,2,0.3,0.3,0.4,0.3,0.5,0.2,0.4,0.6
DS00455,Data_Scientist,Data Scientist,M,26-30,3,MSc,3.3,0.9273,0.5951,0.6301,0.5915,0.8509,1.0,0.5182,0.7626,0.6119,0.6722,1,1,0.3,0.3,0.4,0.3,0.5,0.2,0.4,0.6
DS00456,Data_Scientist,Data Scientist,M,22-25,3,MSc,0.0,0.728,0.6818,0.8194,0.6139,0.7712,0.0,0.6817,0.5041,0.7371,0.6439,0,2,0.3,0.3,0.4,0.3,0.5,0.2,0.4,0.6
DS00457,Data_Scientist,Data Scientist,F,36-40,3,MSc,5.2,0.744,0.588,0.7976,0.4336,0.7776,1.0,0.5542,0.7549,0.6619,0.6991,1,2,0.3,0.3,0.4,0.3,0.5,0.2,0.4,0.6
DS00458,Data_Scientist,Data Scientist,M,31-35,4,PhD,1.4,0.8973,0.7456,0.5062,0.5988,0.9589,0.56,0.614,0.7013,0.5966,0.6385,1,0,0.3,0.3,0.4,0.3,0.5,0.2,0.4,0.6
DS00459,Data_Scientist,Data Scientist,M,26-30,2,BSc,5.9,0.8057,0.7445,0.6184,0.3855,0.6823,1.0,0.5508,0.725,0.6097,0.6558,0,2,0.3,0.3,0.4,0.3,0.5,0.2,0.4,0.6
DS00460,Data_Scientist,Data Scientist,F,26-30,2,BSc,6.9,0.805,0.6403,0.591,0.7402,0.682,1.0,0.5355,0.7188,0.6356,0.6689,0,2,0.3,0.3,0.4,0.3,0.5,0.2,0.4,0.6
DS00461,Data_Scientist,Data Scientist,M,22-25,3,MSc,4.4,0.6749,0.6779,0.6553,0.7029,0.75,1.0,0.275,0.635,0.6716,0.657,0,0,0.3,0.3,0.4,0.3,0.5,0.2,0.4,0.6
DS00462,Data_Scientist,Data Scientist,M,26-30,4,PhD,6.3,1.0,0.7873,0.6416,0.6994,1.0,1.0,0.7086,0.8834,0.6969,0.7715,1,2,0.3,0.3,0.4,0.3,0.5,0.2,0.4,0.6
DS00463,Data_Scientist,Data Scientist,F,22-25,4,PhD,2.0,0.882,0.7304,0.6173,0.4972,0.9528,0.8,0.4224,0.6948,0.6272,0.6542,1,1,0.3,0.3,0.4,0.3,0.5,0.2,0.4,0.6
DS00464,Data_Scientist,Data Scientist,M,26-30,2,BSc,5.4,0.708,0.6854,0.7659,0.643,0.6432,1.0,0.6912,0.7695,0.7172,0.7381,0,3,0.3,0.3,0.4,0.3,0.5,0.2,0.4,0.6
DS00465,Data_Scientist,Data Scientist,M,22-25,2,BSc,6.1,0.8091,0.7149,0.9152,0.7424,0.6836,1.0,0.6664,0.7716,0.8205,0.8009,0,2,0.3,0.3,0.4,0.3,0.5,0.2,0.4,0.6
DS00466,Data_Scientist,Data Scientist,M,31-35,3,MSc,5.1,0.6521,0.7217,0.8066,0.6506,0.7408,1.0,0.7028,0.8034,0.75,0.7714,1,3,0.3,0.3,0.4,0.3,0.5,0.2,0.4,0.6
DS00467,Data_Scientist,Data Scientist,F,22-25,3,MSc,5.1,0.7619,0.7413,0.5915,0.7064,0.7847,1.0,0.8621,0.8803,0.6594,0.7478,1,2,0.3,0.3,0.4,0.3,0.5,0.2,0.4,0.6
DS00468,Data_Scientist,Data Scientist,M,26-30,3,MSc,6.7,0.9049,0.5385,0.7587,0.7214,0.8419,1.0,0.6794,0.8243,0.6852,0.7408,1,2,0.3,0.3,0.4,0.3,0.5,0.2,0.4,0.6
DS00469,Data_Scientist,Data Scientist,M,22-25,3,MSc,6.1,0.8505,0.6739,0.6436,0.8826,0.8202,1.0,0.7863,0.8606,0.7005,0.7645,1,2,0.3,0.3,0.4,0.3,0.5,0.2,0.4,0.6
DS00470,Data_Scientist,Data Scientist,M,22-25,3,MSc,3.1,0.9172,0.8296,0.7163,0.453,0.8469,1.0,0.6626,0.8191,0.6976,0.7462,1,2,0.3,0.3,0.4,0.3,0.5,0.2,0.4,0.6
DS00471,Data_Scientist,Data Scientist,M,26-30,2,BSc,2.0,0.7301,0.5686,0.6741,0.5219,0.652,0.8,0.5461,0.654,0.612,0.6288,0,2,0.3,0.3,0.4,0.3,0.5,0.2,0.4,0.6
DS00472,Data_Scientist,Data Scientist,M,31-35,3,MSc,1.4,0.9033,0.7648,0.5665,0.7021,0.8413,0.56,0.5977,0.6595,0.6531,0.6557,1,1,0.3,0.3,0.4,0.3,0.5,0.2,0.4,0.6
DS00473,Data_Scientist,Data Scientist,M,31-35,1,Diploma,0.7,0.7044,0.6306,0.7428,0.4849,0.5218,0.28,0.5267,0.4512,0.6576,0.575,0,2,0.3,0.3,0.4,0.3,0.5,0.2,0.4,0.6
DS00474,Data_Scientist,Data Scientist,M,26-30,4,PhD,3.9,0.8514,0.5754,0.675,0.4772,0.9406,1.0,0.7264,0.8727,0.6055,0.7124,1,2,0.3,0.3,0.4,0.3,0.5,0.2,0.4,0.6
DS00475,Data_Scientist,Data Scientist,M,36-40,4,PhD,2.9,0.803,0.7538,0.6298,0.6264,0.9212,1.0,0.6317,0.8291,0.6663,0.7314,1,1,0.3,0.3,0.4,0.3,0.5,0.2,0.4,0.6
DS00476,Data_Scientist,Data Scientist,M,40+,2,BSc,0.0,0.6534,0.6323,0.3838,0.6416,0.6213,0.0,0.506,0.3888,0.5099,0.4615,0,1,0.3,0.3,0.4,0.3,0.5,0.2,0.4,0.6
DS00477,Data_Scientist,Data Scientist,F,22-25,2,BSc,1.4,0.8436,0.6641,0.7156,0.4517,0.6974,0.56,0.7661,0.6837,0.6473,0.6619,0,2,0.3,0.3,0.4,0.3,0.5,0.2,0.4,0.6
DS00478,Data_Scientist,Data Scientist,F,26-30,4,PhD,0.3,1.0,0.95,0.6252,0.4795,1.0,0.12,0.8525,0.677,0.6935,0.6869,0,2,0.3,0.3,0.4,0.3,0.5,0.2,0.4,0.6
DS00479,Data_Scientist,Data Scientist,M,26-30,3,MSc,4.9,0.7761,0.5237,0.7208,0.8251,0.7904,1.0,0.5804,0.7693,0.6825,0.7172,1,2,0.3,0.3,0.4,0.3,0.5,0.2,0.4,0.6
DS00480,Data_Scientist,Data Scientist,M,22-25,3,MSc,4.9,0.7313,0.8011,0.8227,0.6379,0.7725,1.0,0.5232,0.741,0.7793,0.764,1,2,0.3,0.3,0.4,0.3,0.5,0.2,0.4,0.6
DS00481,Data_Scientist,Data Scientist,F,22-25,3,MSc,2.9,0.7644,0.7705,0.8654,0.5543,0.7858,1.0,0.75,0.8357,0.7747,0.7991,1,3,0.3,0.3,0.4,0.3,0.5,0.2,0.4,0.6
DS00482,Data_Scientist,Data Scientist,F,26-30,2,BSc,5.0,0.8127,0.7776,0.9816,0.7725,0.6851,1.0,0.8119,0.8303,0.8786,0.8593,0,3,0.3,0.3,0.4,0.3,0.5,0.2,0.4,0.6
DS00483,Data_Scientist,Data Scientist,F,22-25,4,PhD,2.9,0.6751,0.8476,0.8562,0.7926,0.87,1.0,0.9672,0.9479,0.8409,0.8837,1,3,0.3,0.3,0.4,0.3,0.5,0.2,0.4,0.6
DS00484,Data_Scientist,Data Scientist,M,31-35,3,MSc,0.0,0.5809,0.7111,0.6735,0.555,0.7124,0.0,0.6458,0.472,0.6611,0.5855,0,2,0.3,0.3,0.4,0.3,0.5,0.2,0.4,0.6
DS00485,Data_Scientist,Data Scientist,M,31-35,3,MSc,5.4,1.0,0.7767,0.7503,0.7335,0.88,1.0,0.8035,0.8854,0.7549,0.8071,1,3,0.3,0.3,0.4,0.3,0.5,0.2,0.4,0.6
DS00486,Data_Scientist,Data Scientist,F,26-30,2,BSc,3.1,0.897,0.7266,0.6342,0.5421,0.7188,1.0,0.5167,0.7223,0.6435,0.675,0,1,0.3,0.3,0.4,0.3,0.5,0.2,0.4,0.6
DS00487,Data_Scientist,Data Scientist,M,31-35,2,BSc,1.8,0.7338,0.6238,0.6993,0.4605,0.6535,0.72,0.6768,0.6828,0.6289,0.6505,0,2,0.3,0.3,0.4,0.3,0.5,0.2,0.4,0.6
DS00488,Data_Scientist,Data Scientist,F,31-35,3,MSc,2.9,0.7152,0.7712,0.8377,0.7712,0.7661,1.0,0.6595,0.7936,0.8044,0.8001,1,2,0.3,0.3,0.4,0.3,0.5,0.2,0.4,0.6
DS00489,Data_Scientist,Data Scientist,M,22-25,3,MSc,2.9,1.0,0.7629,0.7339,0.5428,0.88,1.0,0.5872,0.7989,0.7044,0.7422,1,2,0.3,0.3,0.4,0.3,0.5,0.2,0.4,0.6
DS00490,Data_Scientist,Data Scientist,F,26-30,2,BSc,4.8,0.5888,0.6812,0.8908,0.6108,0.5955,1.0,0.7566,0.7813,0.7719,0.7757,0,3,0.3,0.3,0.4,0.3,0.5,0.2,0.4,0.6
DS00491,Data_Scientist,Data Scientist,M,22-25,2,BSc,5.1,0.718,0.5893,0.6066,0.7566,0.6472,1.0,0.5419,0.7109,0.6314,0.6632,0,2,0.3,0.3,0.4,0.3,0.5,0.2,0.4,0.6
DS00492,Data_Scientist,Data Scientist,M,36-40,2,BSc,0.1,0.8048,0.8088,0.4549,0.2633,0.6819,0.04,0.5193,0.4243,0.5228,0.4834,0,1,0.3,0.3,0.4,0.3,0.5,0.2,0.4,0.6
DS00493,Data_Scientist,Data Scientist,F,36-40,3,MSc,2.8,0.8823,0.6021,0.6642,0.9602,0.8329,1.0,0.7949,0.8678,0.7048,0.77,1,2,0.3,0.3,0.4,0.3,0.5,0.2,0.4,0.6
DS00494,Data_Scientist,Data Scientist,M,40+,4,PhD,6.8,0.7434,0.7149,0.6281,0.4981,0.8973,1.0,0.6771,0.84,0.6281,0.7129,1,2,0.3,0.3,0.4,0.3,0.5,0.2,0.4,0.6
DS00495,Data_Scientist,Data Scientist,M,31-35,3,MSc,2.0,0.7996,0.7295,0.7448,0.5426,0.7998,0.8,0.6685,0.7473,0.6998,0.7188,1,2,0.3,0.3,0.4,0.3,0.5,0.2,0.4,0.6
DS00496,Data_Scientist,Data Scientist,F,31-35,3,MSc,2.3,0.9483,0.7693,0.5751,0.5795,0.8593,0.92,0.7548,0.8357,0.6342,0.7148,1,1,0.3,0.3,0.4,0.3,0.5,0.2,0.4,0.6
DS00497,Data_Scientist,Data Scientist,M,36-40,2,BSc,2.1,0.6055,0.9152,0.5825,0.5246,0.6022,0.84,0.6499,0.6926,0.6707,0.6795,0,2,0.3,0.3,0.4,0.3,0.5,0.2,0.4,0.6
DS00498,Data_Scientist,Data Scientist,M,26-30,2,BSc,3.4,0.8415,0.66,0.8069,0.4292,0.6966,1.0,0.6043,0.7507,0.6873,0.7127,0,2,0.3,0.3,0.4,0.3,0.5,0.2,0.4,0.6
DS00499,Data_Scientist,Data Scientist,M,26-30,3,MSc,3.2,0.8145,0.4849,0.5355,0.5946,0.8058,1.0,0.5751,0.7718,0.5322,0.628,1,1,0.3,0.3,0.4,0.3,0.5,0.2,0.4,0.6
DS00500,Data_Scientist,Data Scientist,M,22-25,3,MSc,6.2,0.5454,0.8611,0.6728,0.4978,0.6982,1.0,0.5912,0.7459,0.6943,0.7149,1,3,0.3,0.3,0.4,0.3,0.5,0.2,0.4,0.6
DS00501,Data_Scientist,Data Scientist,M,31-35,2,BSc,2.0,0.6991,0.774,0.8344,0.7936,0.6396,0.8,0.5656,0.6581,0.8081,0.7481,0,2,0.3,0.3,0.4,0.3,0.5,0.2,0.4,0.6
DS00502,Data_Scientist,Data Scientist,M,22-25,3,MSc,1.6,0.8743,0.4933,0.8291,0.5008,0.8297,0.64,0.5664,0.6675,0.6627,0.6646,1,2,0.3,0.3,0.4,0.3,0.5,0.2,0.4,0.6
DS00503,Data_Scientist,Data Scientist,F,31-35,3,MSc,1.5,0.6146,0.5707,0.5697,0.3633,0.7259,0.6,0.3767,0.5484,0.5287,0.5366,0,1,0.3,0.3,0.4,0.3,0.5,0.2,0.4,0.6
DS00504,Data_Scientist,Data Scientist,F,31-35,2,BSc,3.9,0.397,0.7284,0.6942,0.744,0.5188,1.0,0.6574,0.7186,0.7144,0.7161,0,2,0.3,0.3,0.4,0.3,0.5,0.2,0.4,0.6
DS00505,Data_Scientist,Data Scientist,F,22-25,3,MSc,2.7,0.5618,0.7271,0.5747,0.492,0.7047,1.0,0.4568,0.6941,0.6039,0.64,1,2,0.3,0.3,0.4,0.3,0.5,0.2,0.4,0.6
DS00506,Data_Scientist,Data Scientist,M,40+,2,BSc,3.8,0.6012,0.773,0.7529,0.3951,0.6005,1.0,0.6545,0.742,0.6874,0.7092,0,2,0.3,0.3,0.4,0.3,0.5,0.2,0.4,0.6
DS00507,Data_Scientist,Data Scientist,F,31-35,3,MSc,0.2,1.0,0.7748,0.6054,0.3946,0.88,0.08,0.6999,0.5679,0.6141,0.5956,0,3,0.3,0.3,0.4,0.3,0.5,0.2,0.4,0.6
DS00508,Data_Scientist,Data Scientist,F,22-25,3,MSc,2.9,0.6404,0.5761,0.59,0.5337,0.7362,1.0,0.5663,0.7474,0.5745,0.6437,1,1,0.3,0.3,0.4,0.3,0.5,0.2,0.4,0.6
DS00509,Data_Scientist,Data Scientist,M,26-30,3,MSc,4.9,0.6714,0.71,0.6386,0.9323,0.7486,1.0,0.7226,0.8136,0.7187,0.7567,1,2,0.3,0.3,0.4,0.3,0.5,0.2,0.4,0.6
DS00510,Data_Scientist,Data Scientist,F,31-35,2,BSc,4.5,0.7238,0.7063,0.745,0.6852,0.6495,1.0,0.785,0.8088,0.7214,0.7564,0,2,0.3,0.3,0.4,0.3,0.5,0.2,0.4,0.6
DS00511,Data_Scientist,Data Scientist,M,22-25,3,MSc,3.1,0.799,0.7597,0.6277,0.7713,0.7996,1.0,0.7375,0.8349,0.696,0.7516,1,2,0.3,0.3,0.4,0.3,0.5,0.2,0.4,0.6
DS00512,Data_Scientist,Data Scientist,F,26-30,4,PhD,4.1,0.8772,0.7252,0.41,0.6845,0.9509,1.0,0.5611,0.8097,0.5595,0.6596,1,1,0.3,0.3,0.4,0.3,0.5,0.2,0.4,0.6
DS00513,Data_Scientist,Data Scientist,F,31-35,4,PhD,3.6,0.7862,0.5819,0.7683,0.6383,0.9145,1.0,0.4737,0.7638,0.6864,0.7174,1,1,0.3,0.3,0.4,0.3,0.5,0.2,0.4,0.6
DS00514,Data_Scientist,Data Scientist,F,31-35,3,MSc,5.5,0.8317,0.659,0.6111,0.6646,0.8127,1.0,0.4933,0.7411,0.6362,0.6782,1,1,0.3,0.3,0.4,0.3,0.5,0.2,0.4,0.6
DS00515,Data_Scientist,Data Scientist,M,26-30,3,MSc,6.8,0.6456,0.6488,0.6526,0.6126,0.7383,1.0,0.4459,0.6999,0.6434,0.666,1,1,0.3,0.3,0.4,0.3,0.5,0.2,0.4,0.6
DS00516,Data_Scientist,Data Scientist,F,31-35,2,BSc,1.9,0.9945,0.7796,0.6414,0.7902,0.7578,0.76,0.6893,0.731,0.7126,0.72,0,2,0.3,0.3,0.4,0.3,0.5,0.2,0.4,0.6
DS00517,Data_Scientist,Data Scientist,M,22-25,4,PhD,0.9,0.8727,0.7734,0.588,0.5544,0.9491,0.36,0.6585,0.6561,0.6369,0.6446,0,2,0.3,0.3,0.4,0.3,0.5,0.2,0.4,0.6
DS00518,Data_Scientist,Data Scientist,F,26-30,4,PhD,0.3,0.781,0.9248,0.4736,0.5192,0.9124,0.12,0.6808,0.582,0.6181,0.6037,0,1,0.3,0.3,0.4,0.3,0.5,0.2,0.4,0.6
DS00519,Data_Scientist,Data Scientist,F,26-30,2,BSc,1.7,0.7452,0.5964,0.5428,0.6637,0.6581,0.68,0.5188,0.609,0.583,0.5934,0,1,0.3,0.3,0.4,0.3,0.5,0.2,0.4,0.6
DS00520,Data_Scientist,Data Scientist,M,26-30,3,MSc,3.7,0.745,0.7459,0.7268,0.6536,0.778,1.0,0.6731,0.8026,0.7179,0.7518,1,2,0.3,0.3,0.4,0.3,0.5,0.2,0.4,0.6
DS00521,Data_Scientist,Data Scientist,M,36-40,4,PhD,2.6,0.9287,0.6058,0.7928,0.6088,0.9715,1.0,0.6782,0.8627,0.6999,0.765,1,1,0.3,0.3,0.4,0.3,0.5,0.2,0.4,0.6
DS00522,Data_Scientist,Data Scientist,M,22-25,3,MSc,2.9,0.6908,0.6161,0.725,0.6494,0.7563,1.0,0.8071,0.8497,0.6772,0.7462,1,2,0.3,0.3,0.4,0.3,0.5,0.2,0.4,0.6
DS00523,Data_Scientist,Data Scientist,M,36-40,3,MSc,2.1,0.7191,0.6834,0.6084,0.4682,0.7676,0.84,0.6071,0.7251,0.6029,0.6518,1,2,0.3,0.3,0.4,0.3,0.5,0.2,0.4,0.6
DS00524,Data_Scientist,Data Scientist,F,22-25,2,BSc,2.7,0.8536,0.7019,0.5628,0.6002,0.7014,1.0,0.5612,0.7349,0.612,0.6612,0,1,0.3,0.3,0.4,0.3,0.5,0.2,0.4,0.6
DS00525,Data_Scientist,Data Scientist,M,31-35,3,MSc,3.3,0.884,0.8068,0.756,0.5668,0.8336,1.0,0.6123,0.795,0.7334,0.758,1,1,0.3,0.3,0.4,0.3,0.5,0.2,0.4,0.6
DS00526,Data_Scientist,Data Scientist,F,22-25,3,MSc,6.4,0.5196,0.6895,0.7842,0.884,0.6879,1.0,0.6098,0.7503,0.7758,0.7656,1,3,0.3,0.3,0.4,0.3,0.5,0.2,0.4,0.6
DS00527,Data_Scientist,Data Scientist,M,26-30,3,MSc,5.9,0.6748,0.7703,0.5903,0.765,0.7499,1.0,0.8072,0.8479,0.6793,0.7467,1,2,0.3,0.3,0.4,0.3,0.5,0.2,0.4,0.6
DS00528,Data_Scientist,Data Scientist,F,26-30,2,BSc,0.5,0.9313,0.7671,0.5188,0.5421,0.7325,0.2,0.5186,0.4872,0.598,0.5537,0,1,0.3,0.3,0.4,0.3,0.5,0.2,0.4,0.6
DS00529,Data_Scientist,Data Scientist,M,40+,3,MSc,2.5,0.6732,0.6094,0.7842,0.7456,0.7493,1.0,0.7552,0.8269,0.7241,0.7652,1,3,0.3,0.3,0.4,0.3,0.5,0.2,0.4,0.6
DS00530,Data_Scientist,Data Scientist,M,31-35,3,MSc,3.9,0.6365,0.8742,0.7351,0.7987,0.7346,1.0,0.8638,0.8659,0.7895,0.8201,1,2,0.3,0.3,0.4,0.3,0.5,0.2,0.4,0.6
DS00531,Data_Scientist,Data Scientist,M,40+,4,PhD,2.7,0.5332,0.6694,0.6139,0.6432,0.8133,1.0,0.5209,0.7523,0.6364,0.6828,1,2,0.3,0.3,0.4,0.3,0.5,0.2,0.4,0.6
DS00532,Data_Scientist,Data Scientist,F,22-25,3,MSc,7.2,0.9467,0.6807,0.897,0.9786,0.8587,1.0,0.6839,0.8312,0.8485,0.8416,1,3,0.3,0.3,0.4,0.3,0.5,0.2,0.4,0.6
DS00533,Data_Scientist,Data Scientist,F,26-30,2,BSc,2.4,0.6944,0.7825,0.5912,0.523,0.6377,0.96,0.6181,0.7265,0.6349,0.6715,0,2,0.3,0.3,0.4,0.3,0.5,0.2,0.4,0.6
DS00534,Data_Scientist,Data Scientist,F,31-35,3,MSc,0.4,0.6964,0.6704,0.5209,0.6959,0.7586,0.16,0.6704,0.5437,0.6008,0.578,0,1,0.3,0.3,0.4,0.3,0.5,0.2,0.4,0.6
DS00535,Data_Scientist,Data Scientist,M,22-25,2,BSc,1.6,0.8785,0.5772,0.6813,0.6227,0.7114,0.64,0.5538,0.6269,0.6384,0.6338,0,3,0.3,0.3,0.4,0.3,0.5,0.2,0.4,0.6
DS00536,Data_Scientist,Data Scientist,F,26-30,3,MSc,4.2,0.7901,0.7078,0.663,0.9243,0.796,1.0,0.7147,0.8247,0.7287,0.7671,1,1,0.3,0.3,0.4,0.3,0.5,0.2,0.4,0.6
DS00537,Data_Scientist,Data Scientist,F,22-25,2,BSc,5.9,0.6509,0.6783,0.7421,0.7761,0.6204,1.0,0.544,0.7037,0.7297,0.7193,0,2,0.3,0.3,0.4,0.3,0.5,0.2,0.4,0.6
DS00538,Data_Scientist,Data Scientist,F,31-35,2,BSc,7.8,0.6967,0.6276,0.7157,0.3531,0.6387,1.0,0.6389,0.7472,0.6167,0.6689,0,2,0.3,0.3,0.4,0.3,0.5,0.2,0.4,0.6
DS00539,Data_Scientist,Data Scientist,M,31-35,3,MSc,3.1,0.6796,0.5857,0.747,0.8737,0.7519,1.0,0.5813,0.7581,0.724,0.7376,1,2,0.3,0.3,0.4,0.3,0.5,0.2,0.4,0.6
DS00540,Data_Scientist,Data Scientist,M,26-30,3,MSc,4.3,0.8613,0.7167,0.7348,0.5251,0.8245,1.0,0.4029,0.7085,0.6874,0.6958,1,1,0.3,0.3,0.4,0.3,0.5,0.2,0.4,0.6
DS00541,Data_Scientist,Data Scientist,M,40+,3,MSc,3.2,0.7889,0.9377,0.6187,0.5277,0.7956,1.0,0.5854,0.7728,0.6962,0.7268,1,2,0.3,0.3,0.4,0.3,0.5,0.2,0.4,0.6
DS00542,Data_Scientist,Data Scientist,F,26-30,3,MSc,3.9,0.7269,0.8919,0.3801,0.7226,0.7707,1.0,0.7449,0.8292,0.6021,0.6929,1,1,0.3,0.3,0.4,0.3,0.5,0.2,0.4,0.6
DS00543,Data_Scientist,Data Scientist,F,22-25,4,PhD,0.1,0.9214,0.7473,0.5764,0.4907,0.9686,0.04,0.7658,0.6089,0.6105,0.6099,0,1,0.3,0.3,0.4,0.3,0.5,0.2,0.4,0.6
DS00544,Data_Scientist,Data Scientist,F,26-30,3,MSc,4.2,0.7086,0.8061,0.5548,0.5605,0.7634,1.0,0.6699,0.797,0.6313,0.6976,1,0,0.3,0.3,0.4,0.3,0.5,0.2,0.4,0.6
DS00545,Data_Scientist,Data Scientist,F,26-30,4,PhD,2.6,0.4036,0.7421,0.573,0.563,0.7614,1.0,0.5728,0.7575,0.6217,0.676,1,1,0.3,0.3,0.4,0.3,0.5,0.2,0.4,0.6
DS00546,Data_Scientist,Data Scientist,M,22-25,3,MSc,3.3,0.9896,0.6589,0.446,0.641,0.8758,1.0,0.5567,0.7854,0.5489,0.6435,1,1,0.3,0.3,0.4,0.3,0.5,0.2,0.4,0.6
DS00547,Data_Scientist,Data Scientist,F,40+,2,BSc,3.2,0.5437,0.7298,0.6284,0.5515,0.5775,1.0,0.5565,0.6959,0.6434,0.6644,0,2,0.3,0.3,0.4,0.3,0.5,0.2,0.4,0.6
DS00548,Data_Scientist,Data Scientist,F,31-35,3,MSc,3.9,0.9926,0.8542,0.7745,0.4099,0.877,1.0,0.6924,0.8401,0.7255,0.7713,1,3,0.3,0.3,0.4,0.3,0.5,0.2,0.4,0.6
DS00549,Data_Scientist,Data Scientist,M,36-40,4,PhD,6.4,0.7414,0.7381,0.7253,0.7194,0.8965,1.0,0.7505,0.8691,0.728,0.7844,1,2,0.3,0.3,0.4,0.3,0.5,0.2,0.4,0.6
DS00550,Data_Scientist,Data Scientist,M,31-35,2,BSc,3.9,0.8044,0.4767,0.718,0.7652,0.6818,1.0,0.4827,0.6976,0.655,0.672,0,1,0.3,0.3,0.4,0.3,0.5,0.2,0.4,0.6
DS00551,Data_Scientist,Data Scientist,F,26-30,3,MSc,0.2,0.6879,0.7901,0.5531,0.5254,0.7551,0.08,0.6592,0.5142,0.6186,0.5768,0,2,0.3,0.3,0.4,0.3,0.5,0.2,0.4,0.6
DS00552,Data_Scientist,Data Scientist,M,26-30,3,MSc,3.5,0.8211,0.6935,0.9962,0.6106,0.8084,1.0,0.6922,0.8194,0.8283,0.8247,1,3,0.3,0.3,0.4,0.3,0.5,0.2,0.4,0.6
DS00553,Data_Scientist,Data Scientist,M,26-30,4,PhD,0.0,0.9514,0.7698,0.6179,0.3391,0.9806,0.0,0.6897,0.57,0.6077,0.5926,0,2,0.3,0.3,0.4,0.3,0.5,0.2,0.4,0.6
DS00554,Data_Scientist,Data Scientist,F,22-25,3,MSc,6.6,0.919,0.5689,0.5926,0.7477,0.8476,1.0,0.5346,0.7681,0.6165,0.6771,1,2,0.3,0.3,0.4,0.3,0.5,0.2,0.4,0.6
DS00555,Data_Scientist,Data Scientist,M,22-25,1,Diploma,3.4,0.7828,0.627,0.6856,0.6099,0.5531,1.0,0.4015,0.6265,0.6529,0.6423,0,1,0.3,0.3,0.4,0.3,0.5,0.2,0.4,0.6
DS00556,Data_Scientist,Data Scientist,M,36-40,2,BSc,3.7,0.7534,0.6156,0.6469,0.3983,0.6613,1.0,0.5119,0.7032,0.5878,0.634,0,1,0.3,0.3,0.4,0.3,0.5,0.2,0.4,0.6
DS00557,Data_Scientist,Data Scientist,F,22-25,3,MSc,1.2,0.6004,0.8835,0.5493,0.5864,0.7201,0.48,0.5376,0.5751,0.657,0.6242,1,1,0.3,0.3,0.4,0.3,0.5,0.2,0.4,0.6
DS00558,Data_Scientist,Data Scientist,F,22-25,2,BSc,5.3,0.8069,0.5364,0.5142,0.6453,0.6827,1.0,0.5363,0.7193,0.5471,0.616,0,1,0.3,0.3,0.4,0.3,0.5,0.2,0.4,0.6
DS00559,Data_Scientist,Data Scientist,F,31-35,2,BSc,6.5,0.7219,0.5878,0.8058,0.6617,0.6488,1.0,0.7995,0.8144,0.7116,0.7527,0,3,0.3,0.3,0.4,0.3,0.5,0.2,0.4,0.6
DS00560,Data_Scientist,Data Scientist,M,36-40,3,MSc,5.0,0.7106,0.6555,0.5438,0.5486,0.7642,1.0,0.6488,0.7888,0.5783,0.6625,1,1,0.3,0.3,0.4,0.3,0.5,0.2,0.4,0.6
DS00561,Data_Scientist,Data Scientist,F,31-35,2,BSc,4.0,1.0,0.7272,0.6737,0.9623,0.76,1.0,0.5725,0.757,0.7475,0.7513,0,3,0.3,0.3,0.4,0.3,0.5,0.2,0.4,0.6
DS00562,Data_Scientist,Data Scientist,M,26-30,2,BSc,2.9,0.9722,0.6988,0.7632,0.646,0.7489,1.0,0.634,0.7783,0.7204,0.7436,0,2,0.3,0.3,0.4,0.3,0.5,0.2,0.4,0.6
DS00563,Data_Scientist,Data Scientist,F,26-30,3,MSc,3.7,0.6107,0.6509,0.4107,0.7581,0.7243,1.0,0.7289,0.8089,0.5522,0.6549,1,1,0.3,0.3,0.4,0.3,0.5,0.2,0.4,0.6
DS00564,Data_Scientist,Data Scientist,M,40+,2,BSc,5.1,0.7969,0.5919,0.6463,0.8151,0.6788,1.0,0.6516,0.7643,0.6637,0.7039,0,2,0.3,0.3,0.4,0.3,0.5,0.2,0.4,0.6
DS00565,Data_Scientist,Data Scientist,F,26-30,2,BSc,7.4,0.6975,0.8149,0.5856,0.7874,0.639,1.0,0.6573,0.7546,0.6947,0.7187,0,2,0.3,0.3,0.4,0.3,0.5,0.2,0.4,0.6
DS00566,Data_Scientist,Data Scientist,F,40+,2,BSc,3.8,0.8867,0.5781,0.5374,0.438,0.7147,1.0,0.3553,0.6565,0.5297,0.5804,0,1,0.3,0.3,0.4,0.3,0.5,0.2,0.4,0.6
DS00567,Data_Scientist,Data Scientist,F,31-35,4,PhD,2.6,0.7659,0.7137,0.7488,0.569,0.9063,1.0,0.6524,0.8329,0.7023,0.7545,1,2,0.3,0.3,0.4,0.3,0.5,0.2,0.4,0.6
DS00568,Data_Scientist,Data Scientist,F,22-25,3,MSc,1.9,0.7157,0.5368,0.4228,0.4905,0.7663,0.76,0.5809,0.6902,0.4706,0.5584,1,0,0.3,0.3,0.4,0.3,0.5,0.2,0.4,0.6
DS00569,Data_Scientist,Data Scientist,M,31-35,4,PhD,2.1,0.9476,0.6346,0.6396,0.4297,0.9791,0.84,0.549,0.7653,0.5962,0.6638,1,2,0.3,0.3,0.4,0.3,0.5,0.2,0.4,0.6
DS00570,Data_Scientist,Data Scientist,F,31-35,3,MSc,1.5,0.6089,0.7878,0.5172,0.3586,0.7235,0.6,0.4612,0.5815,0.5667,0.5726,1,1,0.3,0.3,0.4,0.3,0.5,0.2,0.4,0.6
DS00571,Data_Scientist,Data Scientist,M,22-25,4,PhD,2.7,0.8806,0.7243,0.6086,0.4531,0.9522,1.0,0.6637,0.8512,0.6122,0.7078,1,2,0.3,0.3,0.4,0.3,0.5,0.2,0.4,0.6
DS00572,Data_Scientist,Data Scientist,M,22-25,3,MSc,2.4,0.8628,0.6302,0.6832,0.8239,0.8251,0.96,0.5091,0.7392,0.6955,0.713,1,1,0.3,0.3,0.4,0.3,0.5,0.2,0.4,0.6
DS00573,Data_Scientist,Data Scientist,F,36-40,3,MSc,1.1,0.9899,0.7595,0.7703,0.5474,0.876,0.44,0.5376,0.6098,0.7225,0.6774,1,2,0.3,0.3,0.4,0.3,0.5,0.2,0.4,0.6
DS00574,Data_Scientist,Data Scientist,M,26-30,4,PhD,7.3,0.6195,0.8951,0.7614,0.6788,0.8478,1.0,0.6129,0.7995,0.785,0.7908,1,2,0.3,0.3,0.4,0.3,0.5,0.2,0.4,0.6
DS00575,Data_Scientist,Data Scientist,M,22-25,3,MSc,2.5,0.7075,0.6994,0.5312,0.5166,0.763,1.0,0.5594,0.7527,0.5788,0.6484,1,1,0.3,0.3,0.4,0.3,0.5,0.2,0.4,0.6
DS00576,Data_Scientist,Data Scientist,F,31-35,3,MSc,2.8,0.7497,0.6193,0.5988,0.561,0.7799,1.0,0.6036,0.7754,0.5974,0.6686,1,2,0.3,0.3,0.4,0.3,0.5,0.2,0.4,0.6
DS00577,Data_Scientist,Data Scientist,F,31-35,3,MSc,3.4,0.9394,0.6193,0.7917,0.8083,0.8558,1.0,0.5826,0.7898,0.7433,0.7619,1,2,0.3,0.3,0.4,0.3,0.5,0.2,0.4,0.6
DS00578,Data_Scientist,Data Scientist,M,31-35,3,MSc,3.9,0.9155,0.7623,0.7419,0.6433,0.8462,1.0,0.5559,0.7762,0.7283,0.7475,1,2,0.3,0.3,0.4,0.3,0.5,0.2,0.4,0.6
DS00579,Data_Scientist,Data Scientist,M,31-35,3,MSc,3.7,0.6887,0.71,0.7089,0.4993,0.7555,1.0,0.6309,0.779,0.6673,0.712,1,2,0.3,0.3,0.4,0.3,0.5,0.2,0.4,0.6
DS00580,Data_Scientist,Data Scientist,M,22-25,3,MSc,1.8,0.7472,0.7756,0.567,0.4889,0.7789,0.72,0.6826,0.7227,0.6139,0.6574,1,1,0.3,0.3,0.4,0.3,0.5,0.2,0.4,0.6
DS00581,Data_Scientist,Data Scientist,M,31-35,4,PhD,4.8,0.86,0.8605,0.5889,0.6144,0.944,1.0,0.5427,0.8003,0.6755,0.7254,1,2,0.3,0.3,0.4,0.3,0.5,0.2,0.4,0.6
DS00582,Data_Scientist,Data Scientist,M,31-35,3,MSc,7.5,1.0,0.545,0.501,0.65,0.88,1.0,0.6908,0.8403,0.544,0.6625,1,1,0.3,0.3,0.4,0.3,0.5,0.2,0.4,0.6
DS00583,Data_Scientist,Data Scientist,F,26-30,3,MSc,2.9,0.8557,0.6941,0.5974,0.6525,0.8223,1.0,0.6786,0.8181,0.6374,0.7097,1,3,0.3,0.3,0.4,0.3,0.5,0.2,0.4,0.6
DS00584,Data_Scientist,Data Scientist,M,22-25,3,MSc,4.8,0.8396,0.597,0.7594,0.5876,0.8159,1.0,0.5315,0.7574,0.6763,0.7087,1,2,0.3,0.3,0.4,0.3,0.5,0.2,0.4,0.6
DS00585,Data_Scientist,Data Scientist,M,31-35,3,MSc,7.1,0.8231,0.663,0.7577,0.918,0.8092,1.0,0.7902,0.8589,0.7614,0.8004,1,3,0.3,0.3,0.4,0.3,0.5,0.2,0.4,0.6
DS00586,Data_Scientist,Data Scientist,F,26-30,3,MSc,1.5,0.5336,0.6278,0.6682,0.5784,0.6934,0.6,0.5405,0.6042,0.6381,0.6245,1,2,0.3,0.3,0.4,0.3,0.5,0.2,0.4,0.6
DS00587,Data_Scientist,Data Scientist,M,22-25,2,BSc,0.0,0.6959,0.5909,0.596,0.4995,0.6383,0.0,0.6208,0.4398,0.5752,0.521,0,1,0.3,0.3,0.4,0.3,0.5,0.2,0.4,0.6
DS00588,Data_Scientist,Data Scientist,F,22-25,3,MSc,5.9,0.9622,0.5781,0.7361,0.698,0.8649,1.0,0.4422,0.7363,0.6811,0.7032,1,1,0.3,0.3,0.4,0.3,0.5,0.2,0.4,0.6
DS00589,Data_Scientist,Data Scientist,M,22-25,2,BSc,3.8,0.6309,0.6271,0.5708,0.735,0.6124,1.0,0.5862,0.7182,0.6205,0.6596,0,1,0.3,0.3,0.4,0.3,0.5,0.2,0.4,0.6
DS00590,Data_Scientist,Data Scientist,F,31-35,2,BSc,5.3,0.8692,0.5882,0.7713,0.607,0.7077,1.0,0.4761,0.7028,0.6835,0.6912,0,1,0.3,0.3,0.4,0.3,0.5,0.2,0.4,0.6
DS00591,Data_Scientist,Data Scientist,F,22-25,3,MSc,7.3,0.5699,0.9066,0.8578,0.8444,0.708,1.0,0.7233,0.8017,0.8698,0.8426,1,3,0.3,0.3,0.4,0.3,0.5,0.2,0.4,0.6
DS00592,Data_Scientist,Data Scientist,F,22-25,4,PhD,0.1,0.7984,0.8448,0.679,0.5061,0.9193,0.04,0.7008,0.5681,0.6942,0.6438,0,2,0.3,0.3,0.4,0.3,0.5,0.2,0.4,0.6
DS00593,Data_Scientist,Data Scientist,M,26-30,2,BSc,4.5,0.6117,0.654,0.7637,0.7191,0.6047,1.0,0.4941,0.6791,0.7219,0.7048,0,1,0.3,0.3,0.4,0.3,0.5,0.2,0.4,0.6
DS00594,Data_Scientist,Data Scientist,M,26-30,2,BSc,4.4,0.7794,0.7366,0.4942,0.7265,0.6717,1.0,0.6709,0.7699,0.6134,0.676,0,1,0.3,0.3,0.4,0.3,0.5,0.2,0.4,0.6
DS00595,Data_Scientist,Data Scientist,M,26-30,3,MSc,2.4,0.6776,0.6246,0.6824,0.5501,0.751,0.96,0.4243,0.683,0.6386,0.6564,1,1,0.3,0.3,0.4,0.3,0.5,0.2,0.4,0.6
DS00596,Data_Scientist,Data Scientist,F,31-35,3,MSc,0.8,0.7727,0.7234,0.617,0.4872,0.7891,0.32,0.5468,0.5515,0.623,0.5944,0,2,0.3,0.3,0.4,0.3,0.5,0.2,0.4,0.6
DS00597,Data_Scientist,Data Scientist,M,26-30,2,BSc,3.1,0.7181,0.6297,0.6119,0.7341,0.6472,1.0,0.609,0.7378,0.6417,0.6801,0,2,0.3,0.3,0.4,0.3,0.5,0.2,0.4,0.6
DS00598,Data_Scientist,Data Scientist,F,22-25,3,MSc,4.2,0.6344,0.6462,0.7909,0.9165,0.7338,1.0,0.8698,0.8681,0.7726,0.8108,1,3,0.3,0.3,0.4,0.3,0.5,0.2,0.4,0.6
DS00599,Data_Scientist,Data Scientist,F,36-40,2,BSc,6.2,0.6268,0.686,0.6322,0.3393,0.6107,1.0,0.5113,0.6877,0.5898,0.629,0,1,0.3,0.3,0.4,0.3,0.5,0.2,0.4,0.6
DS00600,Data_Scientist,Data Scientist,M,22-25,4,PhD,3.3,1.0,0.7945,0.6553,0.5874,1.0,1.0,0.7468,0.8987,0.6835,0.7696,1,2,0.3,0.3,0.4,0.3,0.5,0.2,0.4,0.6
